-- phpMyAdmin SQL Dump
-- version 4.1.12
-- http://www.phpmyadmin.net
--
-- Host: 127.0.0.1
-- Generation Time: 04 Jun 2017 pada 22.21
-- Versi Server: 5.6.16
-- PHP Version: 5.5.11

SET SQL_MODE = "NO_AUTO_VALUE_ON_ZERO";
SET time_zone = "+00:00";


/*!40101 SET @OLD_CHARACTER_SET_CLIENT=@@CHARACTER_SET_CLIENT */;
/*!40101 SET @OLD_CHARACTER_SET_RESULTS=@@CHARACTER_SET_RESULTS */;
/*!40101 SET @OLD_COLLATION_CONNECTION=@@COLLATION_CONNECTION */;
/*!40101 SET NAMES utf8 */;

--
-- Database: `basisbarang`
--

-- --------------------------------------------------------

--
-- Struktur dari tabel `bidang`
--

CREATE TABLE IF NOT EXISTS `bidang` (
  `id` int(10) NOT NULL AUTO_INCREMENT,
  `nama` varchar(200) NOT NULL,
  `kepala` varchar(200) NOT NULL,
  PRIMARY KEY (`id`)
) ENGINE=InnoDB  DEFAULT CHARSET=latin1 AUTO_INCREMENT=37 ;

--
-- Dumping data untuk tabel `bidang`
--

INSERT INTO `bidang` (`id`, `nama`, `kepala`) VALUES
(2, 'Bidang P2 & PL', 'Drg.Sri Rupiati'),
(3, 'Bidang Kesga Promkes', ''),
(4, 'Bidang Yankes & Kefarmasian', ''),
(5, 'KASUBBAG UMUM', ''),
(6, 'KASUBBAG KEPEGAWAIAN', ''),
(7, 'KASUBBAG KEUANGAN', ''),
(8, 'Kasi Penyehatan Lingkungan', ''),
(9, 'Kasi Promosi Kesehatan', ''),
(10, 'Kasi Pelayanan Kesehatan', ''),
(11, 'Kasi Penyusunan Program', ''),
(12, 'Kasi Kesehatan Keluarga', ''),
(13, 'Kasi Gizi', ''),
(14, 'Kasi Sarana dan Prasarana Kesehatan', ''),
(16, 'Kasi Evaluasi dan Pelaporan', ''),
(18, 'Kasi Pengendalian PTM dan Surveilance', ''),
(19, 'Kasi Farmasi dan Makanan Minuman', ''),
(20, 'Bidang Program', ''),
(21, 'Pembiayaan dan Penjaminan', ''),
(22, 'KEPEGAWAIAN & UMUM', ''),
(23, 'P2M', ''),
(24, 'Piket', ''),
(25, 'P2ML', ''),
(26, 'P2P - PTM', ''),
(27, 'SDMK', ''),
(28, 'KASUBBAG PERENCANAAN DAN PROGRAM', ''),
(29, 'Kasie Surveilance & Imunisasi', ''),
(30, 'Kasie Pembiayaan & Jaminan Kesehatan', ''),
(31, 'Kasie Kesmas/Gizi', ''),
(32, 'Kasie PTM dan Keswa', ''),
(33, 'Kasie Yankes Primer & Tradisional', ''),
(34, 'Kefarmasian, Alkes dan PKRT', ''),
(35, 'Kesga dan Gizi', ''),
(36, 'Kasie Fasyankes dan Peningkatan Mutu', '');

-- --------------------------------------------------------

--
-- Struktur dari tabel `databarang`
--

CREATE TABLE IF NOT EXISTS `databarang` (
  `no` int(10) NOT NULL AUTO_INCREMENT,
  `nama_barang` varchar(500) NOT NULL,
  `stok_awal` float NOT NULL,
  `stok_akhir` float NOT NULL,
  `satuan` varchar(50) NOT NULL,
  `harga_satuan` float NOT NULL,
  `kode` int(10) NOT NULL,
  PRIMARY KEY (`no`),
  KEY `nama_barang` (`nama_barang`)
) ENGINE=InnoDB  DEFAULT CHARSET=latin1 AUTO_INCREMENT=153 ;

--
-- Dumping data untuk tabel `databarang`
--

INSERT INTO `databarang` (`no`, `nama_barang`, `stok_awal`, `stok_akhir`, `satuan`, `harga_satuan`, `kode`) VALUES
(1, 'Amplop Coklat', 8, 27, 'BOX', 18000, 1),
(2, 'Amplop Coklat F4', 4, 0, 'PACK', 43700, 1),
(3, 'Amplop Coklat F4 (2017)', 0, 4, 'PACK', 42000, 1),
(4, 'Bahan Bakar Minyak (BBM)', 400, 400, 'LEMBAR', 34750, 2),
(5, 'Bahan Kimia untuk Pembersih', 6, 1, 'BOTOL', 29900, 5),
(6, 'Bahan Kimia untuk Pembersih (2017)', 0, 84, 'BOTOL', 29000, 5),
(7, 'Bahan Pencuci Piring', 2, 2, 'BUAH', 10000, 5),
(8, 'Balpoin BP 7', 11, 0, 'KOTAK', 20500, 1),
(9, 'Balpoin BP 7 (2017)', 0, 14.7, 'KOTAK', 21500, 1),
(10, 'Bantalan Cap', 2, 2, 'BUAH', 21800, 1),
(11, 'Bantalan Cap (2017)', 0, 2, 'BUAH', 21900, 1),
(12, 'Batrei 9v', 0, 0, 'BUAH', 32300, 4),
(13, 'Batrei AAA', 5, 5, 'BUAH', 20000, 4),
(14, 'Bayclin', 12, 12, 'BOTOL', 18000, 5),
(15, 'Bendera Merah Putih', 3, 3, 'BUAH', 200000, 1),
(16, 'Binder Klip No 105', 21, 9, 'KOTAK', 5000, 1),
(17, 'Binder Klip No 105 (2017)', 0, 30, 'KOTAK', 21000, 1),
(18, 'Binder Klip No 107', 20, 6, 'KOTAK', 5000, 1),
(19, 'Binder Klip No 107 (2017)', 0, 30, 'KOTAK', 15000, 1),
(20, 'Binder Klip No 111', 10, 0, 'KOTAK', 8000, 1),
(21, 'Binder Klip No 111 (2017)', 0, 4, 'KOTAK', 35000, 1),
(22, 'Binder Klip No 155', 10, 0, 'KOTAK', 12000, 1),
(23, 'Binder Klip No 155 (2017)', 0, 26, 'KOTAK', 23000, 1),
(24, 'Buku Agenda Surat Masuk dan Keluar', 6, 0, 'BUAH', 28000, 1),
(25, 'Buku Agenda Surat Masuk dan Keluar (2017)', 0, 17, 'BUAH', 22000, 1),
(26, 'Buku Expedisi isi 100 Lembar', 8, 2, 'BUAH', 8000, 1),
(27, 'Buku Folio Isi 100 Lembar', 7, 0, 'BUAH', 19500, 1),
(28, 'Buku Folio Isi 100 Lembar (2017)', 0, 0, 'BUAH', 18000, 1),
(29, 'Cairan Pembersih Kaca', 8, 6, 'BUAH', 27900, 5),
(30, 'Cairan Pembersih Kaca (2017)', 0, 60, 'BUAH', 20000, 5),
(31, 'Calmik/Habitat', 0, 0, 'BOTOL', 125000, 5),
(32, 'Cartred HP HP Laserjet Q 26 12A', 1, 1, 'BUAH', 1150000, 1),
(33, 'Cartred HP HP Laserjet Q 26 12A (2017)', 0, 2, 'BUAH', 950000, 1),
(34, 'Cartridge HP Laserjet Ce 285A', 1, 1, 'BUAH', 930000, 1),
(35, 'Cartridge HP Laserjet Ce 285A (2017)', 0, 2, 'BUAH', 900000, 1),
(36, 'Cetak Amplop Dinas 10 x 25cm', 100, 0, 'BUAH', 2000, 6),
(37, 'Cetak Amplop Dinas Ukuran Folio', 600, 72, 'BUAH', 5500, 6),
(38, 'Cetak Amplop Ukuran Folio (2017)', 0, 500, 'BUAH', 6000, 6),
(39, 'Cetak Blangko Retribusi Yankes', 650, 650, 'BLOK', 45000, 6),
(40, 'Cetak Blangko Retribusi Yankes (2017)', 0, 1000, 'BLOK', 40000, 6),
(41, 'Cetak Blangko SPPD', 1, 1, 'RIM', 85000, 6),
(42, 'Cetak Blangko SPPD (2017)', 0, 2, 'RIM', 90000, 6),
(43, 'Cetak Blangko Surat Izin', 100, 1095, 'LEMBAR', 5500, 6),
(44, 'Cetak Karcis Retribusi', 500, 500, 'PAD', 15000, 6),
(45, 'Cetak Karcis Retribusi (2017)', 0, 500, 'BUKU', 14000, 6),
(46, 'Cetak Karcis Retribusi (sisa 2015)', 4420, 4420, 'PAD', 4900, 6),
(47, 'Cetak Kop Surat Dinas', 6, 21, 'RIM', 59000, 6),
(48, 'Cetak Kwitansi NCR', 38, 16, 'BUKU', 48000, 6),
(49, 'Cetak Kwitansi NCR (2017)', 0, 300, 'BUKU', 40000, 6),
(50, 'Cetak Lembar Disposisi', 5, 14, 'RIM', 65000, 6),
(51, 'Cetak LKPJ', 0, 0, 'esp', 175000, 7),
(52, 'Cetak LPPD', 0, 0, 'esp', 175000, 7),
(53, 'Cetak Map Dinas Bertulang', 175, 122, 'BUAH', 17000, 6),
(54, 'Cetak Realisasi Fisik n Keuangan (TEPPRA)', 0, 0, 'esp', 85000, 7),
(55, 'Cetak Renja', 0, 0, 'esp', 150000, 7),
(56, 'Cetak Renstra', 0, 0, 'esp', 175000, 7),
(57, 'Cetak Tanda Terima Setoran Retribusi Yankes dari Puskesmas', 55, 55, 'BUKU', 48000, 6),
(58, 'Detergen', 4, 4, 'KG', 39000, 5),
(59, 'Detergen (2017)', 0, 24, 'KG', 21000, 5),
(60, 'Ember Plastik', 6, 4, 'BUAH', 54000, 5),
(61, 'Ember Plastik (2017)', 0, 12, 'BUAH', 53000, 5),
(62, 'Gayung Air Plastik', 6, 4, 'BUAH', 8300, 5),
(63, 'Gayung Air Plastik (2017)', 0, 12, 'BUAH', 8000, 5),
(64, 'Gunting', 16, 0, 'BUAH', 11000, 1),
(65, 'Insektisida', 6, 6, 'BOTOL', 32000, 5),
(66, 'Isi Pisau Cutter', 3, 6, 'KOTAK', 57000, 1),
(67, 'Isi Stapler Max 10', 16, 0, 'KOTAK', 3000, 1),
(68, 'Isi Stapler Max 10 (2017)', 0, 0, 'KOTAK', 40000, 1),
(69, 'Isi Stapler Max 3', 5, 0, 'KOTAK', 116000, 1),
(70, 'Isi Stapler Max 3 (2017)', 0, 17, 'KOTAK', 97000, 1),
(71, 'Kain Lap Piring Kotak Kotak', 24, 22, 'BUAH', 12000, 5),
(72, 'Kalkulator', 0, 2, 'BUAH', 70000, 1),
(73, 'Kantong Sampah Hitam Besar', 4, 64, 'PACK', 45000, 5),
(74, 'Kantong Sampah Merah Besar', 6, 66, 'PACK', 30000, 5),
(75, 'Kantong Sampah Merah Sedang', 11, 111, 'PACK', 25000, 5),
(76, 'Kapur Barus Berwarna', 10, 6, 'BUNGKUS', 25000, 5),
(77, 'Kapur Barus Berwarna (2017)', 0, 50, 'BKS', 24000, 5),
(78, 'Kemoceng', 5, 3, 'BUAH', 28900, 5),
(79, 'Kemoceng (2017)', 0, 15, 'BUAH', 25000, 5),
(80, 'Keranjang Sampah', 6, 26, 'BUAH', 40000, 5),
(81, 'Kertas A4', 93, 0, 'RIM', 39000, 1),
(82, 'Kertas A4 (2017)', 0, 374, 'RIM', 36000, 1),
(83, 'Kertas F4 70gr', 60, 0, 'RIM', 40500, 1),
(84, 'Kertas F4 70gr (2017)', 0, 393, 'RIM', 41000, 1),
(85, 'Kertas Faximile ukuran 210x30', 31, 31, 'GULUNG', 17500, 1),
(86, 'Keset Kaki Karet Besar', 6, 12, 'BUAH', 200000, 5),
(87, 'Keset Kaki Karet Kecil', 8, 8, 'BUAH', 43300, 5),
(88, 'Keset Kaki Kecil', 15, 15, 'BUAH', 43000, 5),
(89, 'Lakban', 15, 6, 'GULUNG', 15000, 1),
(90, 'Lakban(2016)', 5, 0, 'GULUNG', 16000, 1),
(91, 'Lampu Hemat Listrik ', 0, 0, 'BUAH', 66000, 4),
(92, 'Lampu Neon TL', 0, 0, 'BUAH', 41500, 4),
(93, 'Lap Piring Kotak-Kotak', 16, 16, 'BUAH', 14500, 5),
(94, 'Lem Kertas Cair', 10, 0, 'BUAH', 5200, 1),
(95, 'Lem Kertas Cair (2017)', 0, 0, 'BUAH', 5000, 1),
(96, 'Materai 3000', 0, 0, 'LEMBAR', 3000, 3),
(97, 'Materai 6000', 0, 0, 'LEMBAR', 6000, 3),
(98, 'Odner Folio Setara Gungyu', 100, 0, 'BUAH', 25000, 1),
(99, 'Odner Folio Setara Gungyu (2017)', 0, 93, 'BUAH', 22000, 1),
(100, 'Paper Klip', 20, 0, 'KOTAK', 15800, 1),
(101, 'Paper Klip (2017)', 0, 0, 'KOTAK', 15000, 1),
(102, 'Pel Lantai Bertangkai', 12, 10, 'BUAH', 75000, 5),
(103, 'Pembasmi Serangga', 36, 36, 'BOTOL', 32000, 5),
(104, 'Pena Signo', 29, 0, 'BUAH', 11500, 1),
(105, 'Pena Signo (2017)', 0, 94, 'BUAH', 21500, 1),
(106, 'Penggaris 30cm', 8, 0, 'BUAH', 3000, 1),
(107, 'Penghapus Pensil', 7, 0, 'BUAH', 3500, 1),
(108, 'Penghapus Pensil (2017)', 0, 7, 'BUAH', 4000, 1),
(109, 'Penghapus White Board', 1, 1, 'BUAH', 6000, 1),
(110, 'Pengharum Gantung', 8, 8, 'BUAH', 24000, 5),
(111, 'Pengharum Kamar Mandi Gantung', 84, 84, 'BUAH', 22000, 5),
(112, 'Pengharum Ruangan', 4, 0, 'BOTOL', 36800, 5),
(113, 'Pengharum Ruangan Elektrik', 48, 46, 'BOTOL', 125000, 5),
(114, 'Pengharum Ruangan Manual/Erasol', 36, 36, 'BOTOL', 37000, 5),
(115, 'Pensil 2b', 3, 0, 'KOTAK', 25000, 1),
(116, 'Pensil 2b (2017)', 0, 0, 'KOTAK', 32000, 1),
(117, 'Peraut Pensil', 0, 0, 'BUAH', 25000, 1),
(118, 'Post it', 12, 0, 'BUAH', 12000, 1),
(119, 'Post it (2017)', 0, 33, 'BUAH', 18000, 1),
(120, 'Refil Pembersih Lantai', 9, 7, 'BUAH', 12500, 5),
(121, 'Refil Pembersih Lantai (2017)', 0, 200, 'PCS', 12000, 5),
(122, 'Refil Sabun Cuci Tangan', 40, 40, 'BKS', 25000, 5),
(123, 'Refil Toner Laserjet', 100, 347, 'BUAH', 170000, 1),
(124, 'Retribusi Pelayanan dari Puskesmas', 0, 300, 'BUKU', 40000, 6),
(125, 'Sabun Cuci Tangan', 10, 7, 'BOTOL', 25000, 5),
(126, 'Sabun Pencuci Piring', 30, 28, 'BKS', 17000, 5),
(127, 'Saklar 2g', 0, 0, 'BUAH', 56500, 4),
(128, 'Sapu Lidi Bertangkai', 6, 4, 'BUAH', 17500, 5),
(129, 'Sapu Lidi Bertangkai (2017)', 0, 12, 'BUAH', 15000, 5),
(130, 'Sapu Pel Lantai Bertangkai', 2, 2, 'BUAH', 155000, 5),
(131, 'Sapu Plastik Berwarna', 4, 4, 'BUAH', 30200, 5),
(132, 'Sapu Plastik Berwarna (2017)', 0, 16, 'BUAH', 30000, 5),
(133, 'Serok Sampah', 2, 0, 'BUAH', 26500, 5),
(134, 'Serok Sampah (2017)', 0, 6, 'BUAH', 25000, 5),
(135, 'Sikat WC Bertangkai', 2, 0, 'BUAH', 59900, 5),
(136, 'Sikat WC Bertangkai (2017)', 0, 8, 'BUAH', 50000, 5),
(137, 'Spanduk Peringatan Hari Besar Nasional', 0, 0, 'BUAH', 275000, 6),
(138, 'Spidol', 10, 18, 'BUAH', 8000, 1),
(139, 'Stabilo', 12, 20, 'BUAH', 8000, 1),
(140, 'Stampel Instansi', 0, 6, 'BUAH', 140000, 1),
(141, 'Steples No 10', 10, 4, 'BUAH', 20000, 1),
(142, 'Steples No 3', 12, 10, 'BUAH', 31000, 1),
(143, 'Steples No 3 (2017)', 0, 10, 'BUAH', 32000, 1),
(144, 'Stop Kontak', 5, 5, 'BUAH', 62500, 4),
(145, 'Stopmap Folio', 20, 84.9, 'KOTAK', 50000, 1),
(146, 'Tinta Stampel', 2, 3, 'BUAH', 34500, 1),
(147, 'Tip-ex', 8, 0, 'BUAH', 15800, 1),
(148, 'Tissue Gulung', 200, 200, 'ROLL', 21000, 5),
(149, 'Tissue Kotak', 0, 0, 'BUAH', 15800, 5),
(150, 'Tissue Kotak (2017)', 0, 298, 'KOTAK', 15000, 5),
(151, 'Tong Sampah Tutup', 5, 11, 'BUAH', 110000, 5),
(152, 'Umbul-umbul Peringatan Hari Kemerdekaan', 0, 0, 'BUAH', 200000, 6);

-- --------------------------------------------------------

--
-- Struktur dari tabel `distribusi`
--

CREATE TABLE IF NOT EXISTS `distribusi` (
  `id_distribusi` varchar(50) NOT NULL,
  `penerima` varchar(50) NOT NULL,
  `tgl_dist` date NOT NULL,
  `tot_barang` float NOT NULL,
  `tot_harga` float NOT NULL,
  PRIMARY KEY (`id_distribusi`)
) ENGINE=InnoDB DEFAULT CHARSET=latin1;

--
-- Dumping data untuk tabel `distribusi`
--

INSERT INTO `distribusi` (`id_distribusi`, `penerima`, `tgl_dist`, `tot_barang`, `tot_harga`) VALUES
('DIST01', 'Bidang P2 & PL', '2017-01-16', 65, 248500),
('DIST010', 'P2M', '2017-01-27', 4, 85500),
('DIST011', 'Bidang P2 & PL', '2017-01-28', 4, 159000),
('DIST012', 'Piket', '2017-01-29', 0.083, 1701.5),
('DIST013', 'P2ML', '2017-01-30', 11.166, 236703),
('DIST014', 'P2P - PTM', '2017-01-30', 3, 78000),
('DIST015', '', '2017-01-31', 97, 937800),
('DIST016', 'SDMK', '2017-02-02', 8, 162500),
('DIST017', 'KEPEGAWAIAN & UMUM', '2017-02-06', 2, 130000),
('DIST018', 'Bidang Yankes & Kefarmasian', '2017-02-08', 23.25, 448325),
('DIST019', 'Kasi Pelayanan Kesehatan', '2017-02-08', 37.5, 850300),
('DIST02', 'KASUBBAG KEUANGAN', '2017-01-18', 4, 102500),
('DIST020', '', '2017-02-09', 12, 220000),
('DIST021', 'Kasi Pelayanan Kesehatan', '2017-02-10', 33.25, 1050120),
('DIST022', 'KASUBBAG PERENCANAAN DAN PROGRAM', '2017-02-10', 9.166, 251903),
('DIST023', 'SDMK', '2017-02-13', 178, 1646300),
('DIST024', 'Kasie Surveilance & Imunisasi', '2017-02-13', 44, 997200),
('DIST025', 'Kasie Pembiayaan & Jaminan Kesehatan', '2017-02-13', 35.333, 782825),
('DIST026', 'Kasi Penyehatan Lingkungan', '2017-02-17', 4, 22000),
('DIST027', '', '2017-02-17', 2.37, 60055),
('DIST028', 'Kasie Kesmas/Gizi', '2017-02-21', 2, 79500),
('DIST029', 'Bidang P2 & PL', '2017-02-21', 4, 159000),
('DIST03', 'Bidang Yankes & Kefarmasian', '2017-01-19', 77.5, 537000),
('DIST030', 'KEPEGAWAIAN & UMUM', '2017-02-21', 15.416, 360828),
('DIST031', 'Bidang Yankes & Kefarmasian', '2017-02-21', 100, 965100),
('DIST032', 'P2ML', '2017-03-03', 25, 748600),
('DIST033', 'Kasie Kesmas/Gizi', '2017-03-03', 37.333, 791076),
('DIST034', 'Kasie PTM dan Keswa', '2017-03-06', 70.416, 1456130),
('DIST035', 'KEPEGAWAIAN & UMUM', '2017-03-06', 89, 1246500),
('DIST036', 'Kasie Kesmas/Gizi', '2017-03-08', 6, 189000),
('DIST037', 'P2P - PTM', '2017-03-08', 1, 48000),
('DIST038', 'Kasi Promosi Kesehatan', '2017-03-09', 18.666, 481778),
('DIST039', 'Kasi Promosi Kesehatan', '2017-03-09', 11.85, 411645),
('DIST04', 'Kasi Kesehatan Keluarga', '2017-01-20', 5, 140500),
('DIST040', 'SDMK', '2017-03-13', 157.421, 1383010),
('DIST041', 'Kasie Kesmas/Gizi', '2017-03-13', 11.1, 377800),
('DIST042', 'Kasie Yankes Primer & Tradisional', '2017-03-13', 65.25, 677375),
('DIST043', 'Kefarmasian, Alkes dan PKRT', '2017-03-13', 57, 317500),
('DIST044', 'Bidang Kesga Promkes', '2017-03-13', 1, 15000),
('DIST045', 'Kasie Kesmas/Gizi', '2017-03-14', 61.916, 699444),
('DIST046', 'KEPEGAWAIAN & UMUM', '2017-03-15', 18.25, 418500),
('DIST047', 'Kasi Pelayanan Kesehatan', '2017-03-15', 14.334, 402181),
('DIST048', 'P2ML', '2017-03-16', 18.9, 629700),
('DIST049', 'Kasi Promosi Kesehatan', '2017-03-21', 131.779, 1280970),
('DIST05', 'KASUBBAG KEUANGAN', '2017-01-24', 1, 40500),
('DIST050', 'Bidang Kesga Promkes', '2017-03-21', 2, 82000),
('DIST051', '', '2017-03-21', 5, 40000),
('DIST052', 'Kasie Kesmas/Gizi', '2017-03-24', 20.15, 511400),
('DIST053', 'SDMK', '2017-03-24', 51.251, 980028),
('DIST054', 'KEPEGAWAIAN & UMUM', '2017-04-04', 43.25, 1127000),
('DIST055', 'Kasie Surveilance & Imunisasi', '2017-04-04', 11.9, 687000),
('DIST056', 'Kasie Fasyankes dan Peningkatan Mutu', '2017-04-04', 37.416, 926444),
('DIST057', 'Kasie Fasyankes dan Peningkatan Mutu', '2017-04-04', 4.25, 165375),
('DIST058', 'Kasie Fasyankes dan Peningkatan Mutu', '2017-04-04', 11, 404000),
('DIST059', 'Kasie Fasyankes dan Peningkatan Mutu', '2017-04-04', 56.9, 1289090),
('DIST06', 'Pembiayaan dan Penjaminan', '2017-01-25', 1, 40500),
('DIST060', 'Kasie Fasyankes dan Peningkatan Mutu', '2017-04-05', 22.2, 667500),
('DIST061', 'Kesga dan Gizi', '2017-04-07', 20.333, 452160),
('DIST062', 'Kefarmasian, Alkes dan PKRT', '2017-04-14', 122.101, 1116030),
('DIST063', 'Kasie Pembiayaan & Jaminan Kesehatan', '2017-04-17', 23.416, 531944),
('DIST064', 'Kasie Yankes Primer & Tradisional', '2017-04-17', 125, 1127000),
('DIST065', 'Kasi Pelayanan Kesehatan', '2017-04-19', 21.166, 418812),
('DIST066', 'SDMK', '2017-04-25', 1, 5000),
('DIST067', 'Bidang Yankes & Kefarmasian', '2017-04-28', 32.2, 414000),
('DIST068', 'P2ML', '2017-05-02', 15.584, 713556),
('DIST069', 'SDMK', '2017-05-02', 26.332, 667881),
('DIST07', 'KEPEGAWAIAN & UMUM', '2017-01-25', 11, 399500),
('DIST070', 'Kesga dan Gizi', '2017-05-05', 16.833, 330660),
('DIST071', 'Kesga dan Gizi', '2017-05-08', 23.501, 524772),
('DIST072', 'Kasie PTM dan Keswa', '2017-05-09', 45.616, 1132440),
('DIST073', 'Kasie Fasyankes dan Peningkatan Mutu', '2017-05-17', 31.284, 865320),
('DIST074', 'Bidang Kesga Promkes', '2017-05-18', 17.5, 401750),
('DIST075', 'KEPEGAWAIAN & UMUM', '2017-05-18', 92, 3693200),
('DIST076', '', '2017-05-18', 0.166, 3569),
('DIST077', 'Kefarmasian, Alkes dan PKRT', '2017-05-19', 121, 1022000),
('DIST078', 'Bidang Kesga Promkes', '2017-05-26', 21.333, 589160),
('DIST079', 'SDMK', '2017-05-29', 12.469, 285084),
('DIST08', 'KEPEGAWAIAN & UMUM', '2017-01-25', 8, 318000),
('DIST09', 'Bidang Yankes & Kefarmasian', '2017-01-26', 113, 428800);

-- --------------------------------------------------------

--
-- Struktur dari tabel `distributor`
--

CREATE TABLE IF NOT EXISTS `distributor` (
  `id` int(11) NOT NULL AUTO_INCREMENT,
  `nama` varchar(50) NOT NULL,
  `alamat` varchar(50) NOT NULL,
  `email` varchar(50) NOT NULL,
  `no_hp` varchar(50) NOT NULL,
  PRIMARY KEY (`id`)
) ENGINE=InnoDB  DEFAULT CHARSET=latin1 AUTO_INCREMENT=5 ;

--
-- Dumping data untuk tabel `distributor`
--

INSERT INTO `distributor` (`id`, `nama`, `alamat`, `email`, `no_hp`) VALUES
(3, 'CV NYOKA MANDIRI', '', '', ''),
(4, 'CV MEDIA INSANI MANDIRI', '', '', '');

-- --------------------------------------------------------

--
-- Struktur dari tabel `dtl_distribusi`
--

CREATE TABLE IF NOT EXISTS `dtl_distribusi` (
  `id_distribusi` varchar(50) NOT NULL,
  `tgl_dist` date NOT NULL,
  `nama_distribusi` varchar(500) NOT NULL,
  `nama_barang` varchar(500) NOT NULL,
  `barang_keluar` float NOT NULL,
  `satuan` varchar(50) NOT NULL,
  `harga_satuan` float NOT NULL,
  `stok_sisa` float NOT NULL,
  `keterangan` varchar(500) NOT NULL,
  KEY `id_distribusi` (`id_distribusi`)
) ENGINE=InnoDB DEFAULT CHARSET=latin1;

--
-- Dumping data untuk tabel `dtl_distribusi`
--

INSERT INTO `dtl_distribusi` (`id_distribusi`, `tgl_dist`, `nama_distribusi`, `nama_barang`, `barang_keluar`, `satuan`, `harga_satuan`, `stok_sisa`, `keterangan`) VALUES
('DIST01', '2017-01-16', 'Bidang P2 & PL', 'Cetak Amplop Dinas 10 x 25cm', 50, 'BUAH', 2000, 550, ''),
('DIST01', '2017-01-16', 'Bidang P2 & PL', 'Cetak Amplop Dinas Ukuran Folio', 12, 'BUAH', 5500, 588, ''),
('DIST01', '2017-01-16', 'Bidang P2 & PL', 'Kertas A4', 1, 'RIM', 39000, 92, ''),
('DIST01', '2017-01-16', 'Bidang P2 & PL', 'Kertas F4 70gr', 1, 'RIM', 40500, 59, ''),
('DIST01', '2017-01-16', 'Bidang P2 & PL', 'Isi Stapler Max 10', 1, 'KOTAK', 3000, 15, ''),
('DIST02', '2017-01-18', 'KASUBBAG KEUANGAN', 'Kertas A4', 1, 'RIM', 39000, 91, ''),
('DIST02', '2017-01-18', 'KASUBBAG KEUANGAN', 'Kertas F4 70gr', 1, 'RIM', 40500, 58, ''),
('DIST02', '2017-01-18', 'KASUBBAG KEUANGAN', 'Pena Signo', 2, 'BUAH', 11500, 27, ''),
('DIST03', '2017-01-19', 'Bidang Yankes & Kefarmasian', 'Binder Klip No 107', 0.5, 'KOTAK', 5000, 19.5, ''),
('DIST03', '2017-01-19', 'Bidang Yankes & Kefarmasian', 'Steples No 10', 1, 'BUAH', 20000, 49, ''),
('DIST03', '2017-01-19', 'Bidang Yankes & Kefarmasian', 'Cetak Amplop Dinas 10 x 25cm', 50, 'BUAH', 2000, 500, ''),
('DIST03', '2017-01-19', 'Bidang Yankes & Kefarmasian', 'Isi Stapler Max 10', 2, 'KOTAK', 3000, 13, ''),
('DIST03', '2017-01-19', 'Bidang Yankes & Kefarmasian', 'Kertas F4 70gr', 1, 'RIM', 40500, 57, ''),
('DIST03', '2017-01-19', 'Bidang Yankes & Kefarmasian', 'Cetak Map Dinas Bertulang', 20, 'BUAH', 17000, 505, ''),
('DIST03', '2017-01-19', 'Bidang Yankes & Kefarmasian', 'Buku Expedisi isi 100 Lembar', 2, 'BUAH', 8000, 16, ''),
('DIST03', '2017-01-19', 'Bidang Yankes & Kefarmasian', 'Post it', 1, 'BUAH', 12000, 11, ''),
('DIST04', '2017-01-20', 'Kasi Kesehatan Keluarga', 'Odner Folio Setara Gungyu', 4, 'BUAH', 25000, 96, ''),
('DIST04', '2017-01-20', 'Kasi Kesehatan Keluarga', 'Kertas F4 70gr', 1, 'RIM', 40500, 56, ''),
('DIST05', '2017-01-24', 'KASUBBAG KEUANGAN', 'Kertas F4 70gr', 1, 'RIM', 40500, 55, ''),
('DIST06', '2017-01-25', 'Pembiayaan dan Penjaminan', 'Kertas F4 70gr', 1, 'RIM', 40500, 54, ''),
('DIST07', '2017-01-25', 'KEPEGAWAIAN & UMUM', 'Binder Klip No 111', 1, 'KOTAK', 8000, 9, ''),
('DIST07', '2017-01-25', 'KEPEGAWAIAN & UMUM', 'Balpoin BP 7', 2, 'KOTAK', 20500, 9, ''),
('DIST07', '2017-01-25', 'KEPEGAWAIAN & UMUM', 'Post it', 1, 'BUAH', 12000, 10, ''),
('DIST07', '2017-01-25', 'KEPEGAWAIAN & UMUM', 'Kertas A4', 1, 'RIM', 39000, 90, ''),
('DIST07', '2017-01-25', 'KEPEGAWAIAN & UMUM', 'Kertas F4 70gr', 1, 'RIM', 40500, 53, ''),
('DIST07', '2017-01-25', 'KEPEGAWAIAN & UMUM', 'Odner Folio Setara Gungyu', 1, 'BUAH', 25000, 95, ''),
('DIST07', '2017-01-25', 'KEPEGAWAIAN & UMUM', 'Spidol', 1, 'BUAH', 8000, 39, ''),
('DIST07', '2017-01-25', 'KEPEGAWAIAN & UMUM', 'Buku Agenda Surat Masuk dan Keluar', 2, 'BUAH', 28000, 4, ''),
('DIST07', '2017-01-25', 'KEPEGAWAIAN & UMUM', 'Refil Toner Laserjet', 1, 'BUAH', 170000, 349, ''),
('DIST08', '2017-01-25', 'KEPEGAWAIAN & UMUM', 'Kertas F4 70gr', 3, 'RIM', 40500, 50, ''),
('DIST08', '2017-01-25', 'KEPEGAWAIAN & UMUM', 'Kertas A4', 3, 'RIM', 39000, 87, ''),
('DIST08', '2017-01-25', 'KEPEGAWAIAN & UMUM', 'Cetak Kop Surat Dinas', 1, 'RIM', 59000, 25, ''),
('DIST08', '2017-01-25', 'KEPEGAWAIAN & UMUM', 'Balpoin BP 7', 1, 'KOTAK', 20500, 8, ''),
('DIST09', '2017-01-26', 'Bidang Yankes & Kefarmasian', 'Kertas A4', 1, 'RIM', 39000, 86, ''),
('DIST09', '2017-01-26', 'Bidang Yankes & Kefarmasian', 'Kertas F4 70gr', 1, 'RIM', 40500, 49, ''),
('DIST09', '2017-01-26', 'Bidang Yankes & Kefarmasian', 'Pena Signo', 2, 'BUAH', 11500, 25, ''),
('DIST09', '2017-01-26', 'Bidang Yankes & Kefarmasian', 'Cetak Amplop Dinas 10 x 25cm', 100, 'BUAH', 2000, 400, ''),
('DIST09', '2017-01-26', 'Bidang Yankes & Kefarmasian', 'Cetak Map Dinas Bertulang', 5, 'BUAH', 17000, 500, ''),
('DIST09', '2017-01-26', 'Bidang Yankes & Kefarmasian', 'Paper Klip', 1, 'KOTAK', 15800, 19, ''),
('DIST09', '2017-01-26', 'Bidang Yankes & Kefarmasian', 'Isi Stapler Max 10', 2, 'KOTAK', 3000, 11, ''),
('DIST09', '2017-01-26', 'Bidang Yankes & Kefarmasian', 'Buku Folio Isi 100 Lembar', 1, 'BUAH', 19500, 6, ''),
('DIST010', '2017-01-27', 'P2M', 'Kertas F4 70gr', 1, 'RIM', 40500, 48, ''),
('DIST010', '2017-01-27', 'P2M', 'Kertas A4', 1, 'RIM', 39000, 85, ''),
('DIST010', '2017-01-27', 'P2M', 'Isi Stapler Max 10', 2, 'KOTAK', 3000, 9, ''),
('DIST011', '2017-01-28', 'Bidang P2 & PL', 'Kertas F4 70gr', 2, 'RIM', 40500, 46, ''),
('DIST011', '2017-01-28', 'Bidang P2 & PL', 'Kertas A4', 2, 'RIM', 39000, 83, ''),
('DIST012', '2017-01-29', 'Piket', 'Balpoin BP 7', 0.083, 'KOTAK', 20500, 7.917, ''),
('DIST013', '2017-01-30', 'P2ML', 'Kertas F4 70gr', 2, 'RIM', 40500, 44, ''),
('DIST013', '2017-01-30', 'P2ML', 'Kertas A4', 2, 'RIM', 39000, 81, ''),
('DIST013', '2017-01-30', 'P2ML', 'Binder Klip No 107', 1, 'KOTAK', 5000, 18.5, ''),
('DIST013', '2017-01-30', 'P2ML', 'Balpoin BP 7', 0.166, 'KOTAK', 20500, 7.751, ''),
('DIST013', '2017-01-30', 'P2ML', 'Isi Stapler Max 10', 2, 'KOTAK', 3000, 7, ''),
('DIST013', '2017-01-30', 'P2ML', 'Steples No 10', 1, 'BUAH', 20000, 48, ''),
('DIST013', '2017-01-30', 'P2ML', 'Buku Folio Isi 100 Lembar', 1, 'BUAH', 19500, 5, ''),
('DIST013', '2017-01-30', 'P2ML', 'Buku Expedisi isi 100 Lembar', 1, 'BUAH', 8000, 15, ''),
('DIST013', '2017-01-30', 'P2ML', 'Paper Klip', 1, 'KOTAK', 15800, 18, ''),
('DIST014', '2017-01-30', 'P2P - PTM', 'Odner Folio Setara Gungyu', 2, 'BUAH', 25000, 93, ''),
('DIST014', '2017-01-30', 'P2P - PTM', 'Buku Agenda Surat Masuk dan Keluar', 1, 'BUAH', 28000, 3, ''),
('DIST015', '2017-01-31', '', 'Kertas A4', 1, 'RIM', 39000, 80, ''),
('DIST015', '2017-01-31', '', 'Kertas F4 70gr', 1, 'RIM', 40500, 43, ''),
('DIST015', '2017-01-31', '', 'Buku Folio Isi 100 Lembar', 1, 'BUAH', 19500, 4, ''),
('DIST015', '2017-01-31', '', 'Buku Agenda Surat Masuk dan Keluar', 1, 'BUAH', 28000, 2, ''),
('DIST015', '2017-01-31', '', 'Binder Klip No 155', 1, 'KOTAK', 12000, 9, ''),
('DIST015', '2017-01-31', '', 'Binder Klip No 111', 1, 'KOTAK', 8000, 8, ''),
('DIST015', '2017-01-31', '', 'Cetak Amplop Dinas 10 x 25cm', 50, 'BUAH', 2000, 350, ''),
('DIST015', '2017-01-31', '', 'Post it', 1, 'BUAH', 12000, 9, ''),
('DIST015', '2017-01-31', '', 'Paper Klip', 1, 'KOTAK', 15800, 17, ''),
('DIST015', '2017-01-31', '', 'Cetak Map Dinas Bertulang', 39, 'BUAH', 17000, 461, ''),
('DIST016', '2017-02-02', 'SDMK', 'Buku Folio Isi 100 Lembar', 4, 'BUAH', 19500, 0, ''),
('DIST016', '2017-02-02', 'SDMK', 'Kertas F4 70gr', 1, 'RIM', 40500, 42, ''),
('DIST016', '2017-02-02', 'SDMK', 'Buku Expedisi isi 100 Lembar', 1, 'BUAH', 8000, 14, ''),
('DIST016', '2017-02-02', 'SDMK', 'Buku Folio Isi 100 Lembar (2017)', 2, 'BUAH', 18000, 18, ''),
('DIST017', '2017-02-06', 'KEPEGAWAIAN & UMUM', 'Cetak Lembar Disposisi', 2, 'RIM', 65000, 18, ''),
('DIST018', '2017-02-08', 'Bidang Yankes & Kefarmasian', 'Kertas F4 70gr', 2, 'RIM', 40500, 40, ''),
('DIST018', '2017-02-08', 'Bidang Yankes & Kefarmasian', 'Isi Stapler Max 10', 6, 'KOTAK', 3000, 1, ''),
('DIST018', '2017-02-08', 'Bidang Yankes & Kefarmasian', 'Odner Folio Setara Gungyu', 4, 'BUAH', 25000, 89, ''),
('DIST018', '2017-02-08', 'Bidang Yankes & Kefarmasian', 'Steples No 10', 1, 'BUAH', 20000, 47, ''),
('DIST018', '2017-02-08', 'Bidang Yankes & Kefarmasian', 'Balpoin BP 7', 0.25, 'KOTAK', 20500, 7.501, ''),
('DIST018', '2017-02-08', 'Bidang Yankes & Kefarmasian', 'Pena Signo', 3, 'BUAH', 11500, 22, ''),
('DIST018', '2017-02-08', 'Bidang Yankes & Kefarmasian', 'Lem Kertas Cair', 1, 'BUAH', 5200, 9, ''),
('DIST018', '2017-02-08', 'Bidang Yankes & Kefarmasian', 'Spidol', 1, 'BUAH', 8000, 38, ''),
('DIST018', '2017-02-08', 'Bidang Yankes & Kefarmasian', 'Paper Klip', 1, 'KOTAK', 15800, 16, ''),
('DIST018', '2017-02-08', 'Bidang Yankes & Kefarmasian', 'Amplop Coklat F4', 1, 'PACK', 43700, 3, ''),
('DIST018', '2017-02-08', 'Bidang Yankes & Kefarmasian', 'Kertas A4', 3, 'RIM', 39000, 77, ''),
('DIST019', '2017-02-08', 'Kasi Pelayanan Kesehatan', 'Odner Folio Setara Gungyu', 5, 'BUAH', 25000, 84, ''),
('DIST019', '2017-02-08', 'Kasi Pelayanan Kesehatan', 'Paper Klip', 0.5, 'KOTAK', 15800, 15.5, ''),
('DIST019', '2017-02-08', 'Kasi Pelayanan Kesehatan', 'Kertas F4 70gr', 3, 'RIM', 40500, 37, ''),
('DIST019', '2017-02-08', 'Kasi Pelayanan Kesehatan', 'Kertas A4', 3, 'RIM', 39000, 74, ''),
('DIST019', '2017-02-08', 'Kasi Pelayanan Kesehatan', 'Lem Kertas Cair', 2, 'BUAH', 5200, 7, ''),
('DIST019', '2017-02-08', 'Kasi Pelayanan Kesehatan', 'Balpoin BP 7', 3, 'KOTAK', 20500, 4.501, ''),
('DIST019', '2017-02-08', 'Kasi Pelayanan Kesehatan', 'Penggaris 30cm', 1, 'BUAH', 3000, 7, ''),
('DIST019', '2017-02-08', 'Kasi Pelayanan Kesehatan', 'Stabilo', 2, 'BUAH', 8000, 40, ''),
('DIST019', '2017-02-08', 'Kasi Pelayanan Kesehatan', 'Steples No 10', 2, 'BUAH', 20000, 45, ''),
('DIST019', '2017-02-08', 'Kasi Pelayanan Kesehatan', 'Isi Stapler Max 10', 1, 'KOTAK', 3000, 0, ''),
('DIST019', '2017-02-08', 'Kasi Pelayanan Kesehatan', 'Isi Stapler Max 10 (2017)', 4, 'KOTAK', 40000, 76, ''),
('DIST019', '2017-02-08', 'Kasi Pelayanan Kesehatan', 'Lakban', 1, 'GULUNG', 15000, 14, ''),
('DIST019', '2017-02-08', 'Kasi Pelayanan Kesehatan', 'Cetak Map Dinas Bertulang', 10, 'BUAH', 17000, 451, ''),
('DIST020', '2017-02-09', '', 'Cetak Map Dinas Bertulang', 10, 'BUAH', 17000, 441, ''),
('DIST020', '2017-02-09', '', 'Odner Folio Setara Gungyu', 2, 'BUAH', 25000, 82, ''),
('DIST021', '2017-02-10', 'Kasi Pelayanan Kesehatan', 'Stopmap Folio', 10, 'KOTAK', 50000, 90, ''),
('DIST021', '2017-02-10', 'Kasi Pelayanan Kesehatan', 'Cetak Map Dinas Bertulang', 7, 'BUAH', 17000, 434, ''),
('DIST021', '2017-02-10', 'Kasi Pelayanan Kesehatan', 'Odner Folio Setara Gungyu', 3, 'BUAH', 25000, 79, ''),
('DIST021', '2017-02-10', 'Kasi Pelayanan Kesehatan', 'Pena Signo', 2, 'BUAH', 11500, 20, ''),
('DIST021', '2017-02-10', 'Kasi Pelayanan Kesehatan', 'Lem Kertas Cair', 1, 'BUAH', 5200, 6, ''),
('DIST021', '2017-02-10', 'Kasi Pelayanan Kesehatan', 'Paper Klip', 1, 'KOTAK', 15800, 14.5, ''),
('DIST021', '2017-02-10', 'Kasi Pelayanan Kesehatan', 'Stabilo', 1, 'BUAH', 8000, 39, ''),
('DIST021', '2017-02-10', 'Kasi Pelayanan Kesehatan', 'Kertas A4', 2, 'RIM', 39000, 72, ''),
('DIST021', '2017-02-10', 'Kasi Pelayanan Kesehatan', 'Kertas F4 70gr', 2, 'RIM', 40500, 35, ''),
('DIST021', '2017-02-10', 'Kasi Pelayanan Kesehatan', 'Isi Stapler Max 10 (2017)', 3, 'KOTAK', 40000, 73, ''),
('DIST021', '2017-02-10', 'Kasi Pelayanan Kesehatan', 'Steples No 10', 1, 'BUAH', 20000, 44, ''),
('DIST021', '2017-02-10', 'Kasi Pelayanan Kesehatan', 'Balpoin BP 7', 0.25, 'KOTAK', 20500, 4.251, ''),
('DIST022', '2017-02-10', 'KASUBBAG PERENCANAAN DAN PROGRAM', 'Balpoin BP 7', 0.166, 'KOTAK', 20500, 4.085, ''),
('DIST022', '2017-02-10', 'KASUBBAG PERENCANAAN DAN PROGRAM', 'Stabilo', 1, 'BUAH', 8000, 38, ''),
('DIST022', '2017-02-10', 'KASUBBAG PERENCANAAN DAN PROGRAM', 'Lem Kertas Cair', 1, 'BUAH', 5200, 5, ''),
('DIST022', '2017-02-10', 'KASUBBAG PERENCANAAN DAN PROGRAM', 'Paper Klip', 1, 'KOTAK', 15800, 13.5, ''),
('DIST022', '2017-02-10', 'KASUBBAG PERENCANAAN DAN PROGRAM', 'Steples No 10', 1, 'BUAH', 20000, 43, ''),
('DIST022', '2017-02-10', 'KASUBBAG PERENCANAAN DAN PROGRAM', 'Isi Stapler Max 10 (2017)', 3, 'KOTAK', 40000, 70, ''),
('DIST022', '2017-02-10', 'KASUBBAG PERENCANAAN DAN PROGRAM', 'Kertas A4', 1, 'RIM', 39000, 71, ''),
('DIST022', '2017-02-10', 'KASUBBAG PERENCANAAN DAN PROGRAM', 'Kertas F4 70gr', 1, 'RIM', 40500, 34, ''),
('DIST023', '2017-02-13', 'SDMK', 'Kertas A4', 2, 'RIM', 39000, 69, ''),
('DIST023', '2017-02-13', 'SDMK', 'Kertas F4 70gr', 2, 'RIM', 40500, 32, ''),
('DIST023', '2017-02-13', 'SDMK', 'Binder Klip No 111', 2, 'KOTAK', 8000, 6, ''),
('DIST023', '2017-02-13', 'SDMK', 'Isi Stapler Max 10 (2017)', 2, 'KOTAK', 40000, 68, ''),
('DIST023', '2017-02-13', 'SDMK', 'Amplop Coklat F4', 1, 'PACK', 43700, 2, ''),
('DIST023', '2017-02-13', 'SDMK', 'Cetak Amplop Dinas 10 x 25cm', 100, 'BUAH', 2000, 250, ''),
('DIST023', '2017-02-13', 'SDMK', 'Cetak Map Dinas Bertulang', 10, 'BUAH', 17000, 424, ''),
('DIST023', '2017-02-13', 'SDMK', 'Buku Agenda Surat Masuk dan Keluar', 2, 'BUAH', 28000, 0, ''),
('DIST023', '2017-02-13', 'SDMK', 'Paper Klip', 2, 'KOTAK', 15800, 11.5, ''),
('DIST023', '2017-02-13', 'SDMK', 'Buku Folio Isi 100 Lembar (2017)', 4, 'BUAH', 18000, 14, ''),
('DIST023', '2017-02-13', 'SDMK', 'Binder Klip No 155', 2, 'KOTAK', 12000, 7, ''),
('DIST023', '2017-02-13', 'SDMK', 'Balpoin BP 7', 1, 'KOTAK', 20500, 3.085, ''),
('DIST023', '2017-02-13', 'SDMK', 'Penggaris 30cm', 5, 'BUAH', 3000, 2, ''),
('DIST023', '2017-02-13', 'SDMK', 'Pensil 2b', 1, 'KOTAK', 25000, 2, ''),
('DIST023', '2017-02-13', 'SDMK', 'Tip-ex', 5, 'BUAH', 15800, 3, ''),
('DIST023', '2017-02-13', 'SDMK', 'Steples No 10', 5, 'BUAH', 20000, 38, ''),
('DIST023', '2017-02-13', 'SDMK', 'Lem Kertas Cair', 5, 'BUAH', 5200, 0, ''),
('DIST023', '2017-02-13', 'SDMK', 'Lakban(2016)', 5, 'GULUNG', 16000, 0, ''),
('DIST023', '2017-02-13', 'SDMK', 'Lakban', 1, 'GULUNG', 15000, 13, ''),
('DIST023', '2017-02-13', 'SDMK', 'Gunting', 5, 'BUAH', 11000, 11, ''),
('DIST023', '2017-02-13', 'SDMK', 'Peraut Pensil', 5, 'BUAH', 25000, 1, ''),
('DIST023', '2017-02-13', 'SDMK', 'Penghapus Pensil', 1, 'BUAH', 3500, 6, ''),
('DIST023', '2017-02-13', 'SDMK', 'Odner Folio Setara Gungyu', 10, 'BUAH', 25000, 69, ''),
('DIST024', '2017-02-13', 'Kasie Surveilance & Imunisasi', 'Odner Folio Setara Gungyu', 10, 'BUAH', 25000, 59, ''),
('DIST024', '2017-02-13', 'Kasie Surveilance & Imunisasi', 'Steples No 10', 3, 'BUAH', 20000, 35, ''),
('DIST024', '2017-02-13', 'Kasie Surveilance & Imunisasi', 'Isi Stapler Max 10 (2017)', 4, 'KOTAK', 40000, 64, ''),
('DIST024', '2017-02-13', 'Kasie Surveilance & Imunisasi', 'Cetak Map Dinas Bertulang', 17, 'BUAH', 17000, 407, ''),
('DIST024', '2017-02-13', 'Kasie Surveilance & Imunisasi', 'Kertas A4', 2, 'RIM', 39000, 67, ''),
('DIST024', '2017-02-13', 'Kasie Surveilance & Imunisasi', 'Kertas F4 70gr', 2, 'RIM', 40500, 30, ''),
('DIST024', '2017-02-13', 'Kasie Surveilance & Imunisasi', 'Paper Klip', 4, 'KOTAK', 15800, 7.5, ''),
('DIST024', '2017-02-13', 'Kasie Surveilance & Imunisasi', 'Binder Klip No 111', 2, 'KOTAK', 8000, 4, ''),
('DIST025', '2017-02-13', 'Kasie Pembiayaan & Jaminan Kesehatan', 'Kertas F4 70gr', 2, 'RIM', 40500, 28, ''),
('DIST025', '2017-02-13', 'Kasie Pembiayaan & Jaminan Kesehatan', 'Kertas A4', 2, 'RIM', 39000, 65, ''),
('DIST025', '2017-02-13', 'Kasie Pembiayaan & Jaminan Kesehatan', 'Kalkulator', 1, 'BUAH', 70000, 2, ''),
('DIST025', '2017-02-13', 'Kasie Pembiayaan & Jaminan Kesehatan', 'Odner Folio Setara Gungyu', 10, 'BUAH', 25000, 49, ''),
('DIST025', '2017-02-13', 'Kasie Pembiayaan & Jaminan Kesehatan', 'Cetak Map Dinas Bertulang', 10, 'BUAH', 17000, 397, ''),
('DIST025', '2017-02-13', 'Kasie Pembiayaan & Jaminan Kesehatan', 'Balpoin BP 7', 1, 'KOTAK', 20500, 2.085, ''),
('DIST025', '2017-02-13', 'Kasie Pembiayaan & Jaminan Kesehatan', 'Pensil 2b', 0.333, 'KOTAK', 25000, 1.667, ''),
('DIST025', '2017-02-13', 'Kasie Pembiayaan & Jaminan Kesehatan', 'Binder Klip No 107', 2, 'KOTAK', 5000, 16.5, ''),
('DIST025', '2017-02-13', 'Kasie Pembiayaan & Jaminan Kesehatan', 'Binder Klip No 111', 2, 'KOTAK', 8000, 2, ''),
('DIST025', '2017-02-13', 'Kasie Pembiayaan & Jaminan Kesehatan', 'Tip-ex', 3, 'BUAH', 15800, 0, ''),
('DIST025', '2017-02-13', 'Kasie Pembiayaan & Jaminan Kesehatan', 'Paper Klip', 2, 'KOTAK', 15800, 5.5, ''),
('DIST026', '2017-02-17', 'Kasi Penyehatan Lingkungan', 'Cetak Blangko Surat Izin', 4, 'LEMBAR', 5500, 1096, ''),
('DIST027', '2017-02-17', '', 'Amplop Coklat F4', 0.15, 'PACK', 43700, 1.85, ''),
('DIST027', '2017-02-17', '', 'Stopmap Folio', 0.22, 'KOTAK', 50000, 89.78, ''),
('DIST027', '2017-02-17', '', 'Cetak Amplop Dinas 10 x 25cm', 1, 'BUAH', 2000, 249, ''),
('DIST027', '2017-02-17', '', 'Kertas F4 70gr', 1, 'RIM', 40500, 27, ''),
('DIST028', '2017-02-21', 'Kasie Kesmas/Gizi', 'Kertas F4 70gr', 1, 'RIM', 40500, 26, ''),
('DIST028', '2017-02-21', 'Kasie Kesmas/Gizi', 'Kertas A4', 1, 'RIM', 39000, 64, ''),
('DIST029', '2017-02-21', 'Bidang P2 & PL', 'Kertas F4 70gr', 2, 'RIM', 40500, 24, ''),
('DIST029', '2017-02-21', 'Bidang P2 & PL', 'Kertas A4', 2, 'RIM', 39000, 62, ''),
('DIST030', '2017-02-21', 'KEPEGAWAIAN & UMUM', 'Odner Folio Setara Gungyu', 1, 'BUAH', 25000, 48, ''),
('DIST030', '2017-02-21', 'KEPEGAWAIAN & UMUM', 'Post it', 2, 'BUAH', 12000, 7, ''),
('DIST030', '2017-02-21', 'KEPEGAWAIAN & UMUM', 'Isi Stapler Max 10 (2017)', 4, 'KOTAK', 40000, 60, ''),
('DIST030', '2017-02-21', 'KEPEGAWAIAN & UMUM', 'Binder Klip No 105', 2, 'KOTAK', 5000, 19, ''),
('DIST030', '2017-02-21', 'KEPEGAWAIAN & UMUM', 'Paper Klip', 1, 'KOTAK', 15800, 4.5, ''),
('DIST030', '2017-02-21', 'KEPEGAWAIAN & UMUM', 'Buku Agenda Surat Masuk dan Keluar (2017)', 1, 'BUAH', 22000, 29, ''),
('DIST030', '2017-02-21', 'KEPEGAWAIAN & UMUM', 'Kertas A4', 1, 'RIM', 39000, 61, ''),
('DIST030', '2017-02-21', 'KEPEGAWAIAN & UMUM', 'Kertas F4 70gr', 1, 'RIM', 40500, 23, ''),
('DIST030', '2017-02-21', 'KEPEGAWAIAN & UMUM', 'Stabilo', 2, 'BUAH', 8000, 36, ''),
('DIST030', '2017-02-21', 'KEPEGAWAIAN & UMUM', 'Balpoin BP 7', 0.416, 'KOTAK', 20500, 1.669, ''),
('DIST031', '2017-02-21', 'Bidang Yankes & Kefarmasian', 'Kertas A4', 1, 'RIM', 39000, 60, ''),
('DIST031', '2017-02-21', 'Bidang Yankes & Kefarmasian', 'Kertas F4 70gr', 1, 'RIM', 40500, 22, ''),
('DIST031', '2017-02-21', 'Bidang Yankes & Kefarmasian', 'Binder Klip No 111', 2, 'KOTAK', 8000, 0, ''),
('DIST031', '2017-02-21', 'Bidang Yankes & Kefarmasian', 'Paper Klip', 2, 'KOTAK', 15800, 2.5, ''),
('DIST031', '2017-02-21', 'Bidang Yankes & Kefarmasian', 'Cetak Amplop Dinas 10 x 25cm', 50, 'BUAH', 2000, 199, ''),
('DIST031', '2017-02-21', 'Bidang Yankes & Kefarmasian', 'Buku Folio Isi 100 Lembar (2017)', 1, 'BUAH', 18000, 13, ''),
('DIST031', '2017-02-21', 'Bidang Yankes & Kefarmasian', 'Buku Agenda Surat Masuk dan Keluar (2017)', 1, 'BUAH', 22000, 28, ''),
('DIST031', '2017-02-21', 'Bidang Yankes & Kefarmasian', 'Pena Signo', 2, 'BUAH', 11500, 18, ''),
('DIST031', '2017-02-21', 'Bidang Yankes & Kefarmasian', 'Cetak Map Dinas Bertulang', 39, 'BUAH', 17000, 358, ''),
('DIST031', '2017-02-21', 'Bidang Yankes & Kefarmasian', 'Post it', 1, 'BUAH', 12000, 6, ''),
('DIST032', '2017-03-03', 'P2ML', 'Kertas F4 70gr', 4, 'RIM', 40500, 18, ''),
('DIST032', '2017-03-03', 'P2ML', 'Kertas A4', 4, 'RIM', 39000, 56, ''),
('DIST032', '2017-03-03', 'P2ML', 'Binder Klip No 155', 2, 'KOTAK', 12000, 5, ''),
('DIST032', '2017-03-03', 'P2ML', 'Pensil 2b', 1, 'KOTAK', 25000, 0.667, ''),
('DIST032', '2017-03-03', 'P2ML', 'Isi Stapler Max 10 (2017)', 4, 'KOTAK', 40000, 56, ''),
('DIST032', '2017-03-03', 'P2ML', 'Steples No 10', 2, 'BUAH', 20000, 33, ''),
('DIST032', '2017-03-03', 'P2ML', 'Odner Folio Setara Gungyu', 6, 'BUAH', 25000, 42, ''),
('DIST032', '2017-03-03', 'P2ML', 'Paper Klip', 2, 'KOTAK', 15800, 0.5, ''),
('DIST033', '2017-03-03', 'Kasie Kesmas/Gizi', 'Odner Folio Setara Gungyu', 10, 'BUAH', 25000, 32, ''),
('DIST033', '2017-03-03', 'Kasie Kesmas/Gizi', 'Steples No 10', 2, 'BUAH', 20000, 31, ''),
('DIST033', '2017-03-03', 'Kasie Kesmas/Gizi', 'Isi Stapler Max 10 (2017)', 4, 'KOTAK', 40000, 52, ''),
('DIST033', '2017-03-03', 'Kasie Kesmas/Gizi', 'Kertas F4 70gr', 2, 'RIM', 40500, 16, ''),
('DIST033', '2017-03-03', 'Kasie Kesmas/Gizi', 'Kertas A4', 1, 'RIM', 39000, 55, ''),
('DIST033', '2017-03-03', 'Kasie Kesmas/Gizi', 'Gunting', 1, 'BUAH', 11000, 10, ''),
('DIST033', '2017-03-03', 'Kasie Kesmas/Gizi', 'Binder Klip No 107', 2, 'KOTAK', 5000, 14.5, ''),
('DIST033', '2017-03-03', 'Kasie Kesmas/Gizi', 'Balpoin BP 7', 0.833, 'KOTAK', 20500, 0.836, ''),
('DIST033', '2017-03-03', 'Kasie Kesmas/Gizi', 'Lem Kertas Cair (2017)', 2, 'BUAH', 5000, 28, ''),
('DIST033', '2017-03-03', 'Kasie Kesmas/Gizi', 'Buku Agenda Surat Masuk dan Keluar (2017)', 1, 'BUAH', 22000, 27, ''),
('DIST033', '2017-03-03', 'Kasie Kesmas/Gizi', 'Buku Folio Isi 100 Lembar (2017)', 4, 'BUAH', 18000, 9, ''),
('DIST033', '2017-03-03', 'Kasie Kesmas/Gizi', 'Penggaris 30cm', 2, 'BUAH', 3000, 0, ''),
('DIST033', '2017-03-03', 'Kasie Kesmas/Gizi', 'Buku Expedisi isi 100 Lembar', 1, 'BUAH', 8000, 13, ''),
('DIST033', '2017-03-03', 'Kasie Kesmas/Gizi', 'Stopmap Folio', 0.5, 'KOTAK', 50000, 89.28, ''),
('DIST033', '2017-03-03', 'Kasie Kesmas/Gizi', 'Stabilo', 2, 'BUAH', 8000, 34, ''),
('DIST033', '2017-03-03', 'Kasie Kesmas/Gizi', 'Post it', 2, 'BUAH', 12000, 4, ''),
('DIST034', '2017-03-06', 'Kasie PTM dan Keswa', 'Kertas F4 70gr', 3, 'RIM', 40500, 13, ''),
('DIST034', '2017-03-06', 'Kasie PTM dan Keswa', 'Kertas A4', 1, 'RIM', 39000, 54, ''),
('DIST034', '2017-03-06', 'Kasie PTM dan Keswa', 'Cetak Map Dinas Bertulang', 50, 'BUAH', 17000, 308, ''),
('DIST034', '2017-03-06', 'Kasie PTM dan Keswa', 'Stopmap Folio', 1, 'KOTAK', 50000, 88.28, ''),
('DIST034', '2017-03-06', 'Kasie PTM dan Keswa', 'Odner Folio Setara Gungyu', 6, 'BUAH', 25000, 26, ''),
('DIST034', '2017-03-06', 'Kasie PTM dan Keswa', 'Isi Stapler Max 10 (2017)', 1, 'KOTAK', 40000, 51, ''),
('DIST034', '2017-03-06', 'Kasie PTM dan Keswa', 'Balpoin BP 7', 0.416, 'KOTAK', 20500, 0.42, ''),
('DIST034', '2017-03-06', 'Kasie PTM dan Keswa', 'Binder Klip No 107', 1, 'KOTAK', 5000, 13.5, ''),
('DIST034', '2017-03-06', 'Kasie PTM dan Keswa', 'Paper Klip', 0.5, 'KOTAK', 15800, 0, ''),
('DIST034', '2017-03-06', 'Kasie PTM dan Keswa', 'Paper Klip (2017)', 0.5, 'KOTAK', 15000, 29.5, ''),
('DIST034', '2017-03-06', 'Kasie PTM dan Keswa', 'Cetak Kop Surat Dinas', 1, 'RIM', 59000, 24, ''),
('DIST034', '2017-03-06', 'Kasie PTM dan Keswa', 'Amplop Coklat', 1, 'BOX', 18000, 37, ''),
('DIST034', '2017-03-06', 'Kasie PTM dan Keswa', 'Buku Folio Isi 100 Lembar (2017)', 2, 'BUAH', 18000, 7, ''),
('DIST034', '2017-03-06', 'Kasie PTM dan Keswa', 'Amplop Coklat F4', 1, 'PACK', 43700, 0.85, ''),
('DIST034', '2017-03-06', 'Kasie PTM dan Keswa', 'Steples No 10', 1, 'BUAH', 20000, 30, ''),
('DIST035', '2017-03-06', 'KEPEGAWAIAN & UMUM', 'Kertas F4 70gr', 5, 'RIM', 40500, 8, ''),
('DIST035', '2017-03-06', 'KEPEGAWAIAN & UMUM', 'Kertas A4', 5, 'RIM', 39000, 49, ''),
('DIST035', '2017-03-06', 'KEPEGAWAIAN & UMUM', 'Cetak Kop Surat Dinas', 2, 'RIM', 59000, 22, ''),
('DIST035', '2017-03-06', 'KEPEGAWAIAN & UMUM', 'Isi Stapler Max 10 (2017)', 2, 'KOTAK', 40000, 49, ''),
('DIST035', '2017-03-06', 'KEPEGAWAIAN & UMUM', 'Refil Toner Laserjet', 1, 'BUAH', 170000, 348, ''),
('DIST035', '2017-03-06', 'KEPEGAWAIAN & UMUM', 'Binder Klip No 105', 3, 'KOTAK', 5000, 16, ''),
('DIST035', '2017-03-06', 'KEPEGAWAIAN & UMUM', 'Binder Klip No 107', 3, 'KOTAK', 5000, 10.5, ''),
('DIST035', '2017-03-06', 'KEPEGAWAIAN & UMUM', 'Binder Klip No 111 (2017)', 3, 'KOTAK', 35000, 27, ''),
('DIST035', '2017-03-06', 'KEPEGAWAIAN & UMUM', 'Amplop Coklat', 1, 'BOX', 18000, 36, ''),
('DIST035', '2017-03-06', 'KEPEGAWAIAN & UMUM', 'Post it', 2, 'BUAH', 12000, 2, ''),
('DIST035', '2017-03-06', 'KEPEGAWAIAN & UMUM', 'Cetak Amplop Dinas 10 x 25cm', 50, 'BUAH', 2000, 149, ''),
('DIST035', '2017-03-06', 'KEPEGAWAIAN & UMUM', 'Cetak Map Dinas Bertulang', 12, 'BUAH', 17000, 296, ''),
('DIST036', '2017-03-08', 'Kasie Kesmas/Gizi', 'Kertas A4', 2, 'RIM', 39000, 47, ''),
('DIST036', '2017-03-08', 'Kasie Kesmas/Gizi', 'Kertas F4 70gr', 2, 'RIM', 40500, 6, ''),
('DIST036', '2017-03-08', 'Kasie Kesmas/Gizi', 'Paper Klip (2017)', 1, 'KOTAK', 15000, 28.5, ''),
('DIST036', '2017-03-08', 'Kasie Kesmas/Gizi', 'Lakban', 1, 'GULUNG', 15000, 12, ''),
('DIST037', '2017-03-08', 'P2P - PTM', 'Cetak Kwitansi NCR', 1, 'BUKU', 48000, 37, ''),
('DIST038', '2017-03-09', 'Kasi Promosi Kesehatan', 'Kertas A4', 2, 'RIM', 39000, 45, ''),
('DIST038', '2017-03-09', 'Kasi Promosi Kesehatan', 'Kertas F4 70gr', 2, 'RIM', 40500, 4, ''),
('DIST038', '2017-03-09', 'Kasi Promosi Kesehatan', 'Odner Folio Setara Gungyu', 10, 'BUAH', 25000, 16, ''),
('DIST038', '2017-03-09', 'Kasi Promosi Kesehatan', 'Amplop Coklat', 1, 'BOX', 18000, 35, ''),
('DIST038', '2017-03-09', 'Kasi Promosi Kesehatan', 'Paper Klip (2017)', 1, 'KOTAK', 15000, 27.5, ''),
('DIST038', '2017-03-09', 'Kasi Promosi Kesehatan', 'Binder Klip No 105', 1, 'KOTAK', 5000, 15, ''),
('DIST038', '2017-03-09', 'Kasi Promosi Kesehatan', 'Balpoin BP 7', 0.416, 'KOTAK', 20500, 0.004, ''),
('DIST038', '2017-03-09', 'Kasi Promosi Kesehatan', 'Pensil 2b', 0.25, 'KOTAK', 25000, 0.417, ''),
('DIST038', '2017-03-09', 'Kasi Promosi Kesehatan', 'Steples No 10', 1, 'BUAH', 20000, 29, ''),
('DIST039', '2017-03-09', 'Kasi Promosi Kesehatan', 'Kertas F4 70gr', 3, 'RIM', 40500, 1, ''),
('DIST039', '2017-03-09', 'Kasi Promosi Kesehatan', 'Kertas A4', 3, 'RIM', 39000, 42, ''),
('DIST039', '2017-03-09', 'Kasi Promosi Kesehatan', 'Steples No 10', 1, 'BUAH', 20000, 28, ''),
('DIST039', '2017-03-09', 'Kasi Promosi Kesehatan', 'Paper Klip (2017)', 1, 'KOTAK', 15000, 26.5, ''),
('DIST039', '2017-03-09', 'Kasi Promosi Kesehatan', 'Amplop Coklat F4', 0.85, 'PACK', 43700, 0, ''),
('DIST039', '2017-03-09', 'Kasi Promosi Kesehatan', 'Lem Kertas Cair (2017)', 1, 'BUAH', 5000, 27, ''),
('DIST039', '2017-03-09', 'Kasi Promosi Kesehatan', 'Cetak Kwitansi NCR', 2, 'BUKU', 48000, 35, ''),
('DIST040', '2017-03-13', 'SDMK', 'Kertas A4', 3, 'RIM', 39000, 39, ''),
('DIST040', '2017-03-13', 'SDMK', 'Kertas F4 70gr', 1, 'RIM', 40500, 0, ''),
('DIST040', '2017-03-13', 'SDMK', 'Kertas F4 70gr (2017)', 1, 'RIM', 41000, 499, ''),
('DIST040', '2017-03-13', 'SDMK', 'Binder Klip No 111 (2017)', 2, 'KOTAK', 35000, 25, ''),
('DIST040', '2017-03-13', 'SDMK', 'Isi Stapler Max 10 (2017)', 2, 'KOTAK', 40000, 47, ''),
('DIST040', '2017-03-13', 'SDMK', 'Cetak Amplop Dinas 10 x 25cm', 100, 'BUAH', 2000, 49, ''),
('DIST040', '2017-03-13', 'SDMK', 'Amplop Coklat', 1, 'BOX', 18000, 34, ''),
('DIST040', '2017-03-13', 'SDMK', 'Cetak Map Dinas Bertulang', 10, 'BUAH', 17000, 286, ''),
('DIST040', '2017-03-13', 'SDMK', 'Buku Agenda Surat Masuk dan Keluar (2017)', 2, 'BUAH', 22000, 25, ''),
('DIST040', '2017-03-13', 'SDMK', 'Paper Klip (2017)', 2, 'KOTAK', 15000, 24.5, ''),
('DIST040', '2017-03-13', 'SDMK', 'Buku Folio Isi 100 Lembar (2017)', 6, 'BUAH', 18000, 1, ''),
('DIST040', '2017-03-13', 'SDMK', 'Binder Klip No 155', 2, 'KOTAK', 12000, 3, ''),
('DIST040', '2017-03-13', 'SDMK', 'Balpoin BP 7', 0.004, 'KOTAK', 20500, 0, ''),
('DIST040', '2017-03-13', 'SDMK', 'Balpoin BP 7 (2017)', 1, 'KOTAK', 21500, 29, ''),
('DIST040', '2017-03-13', 'SDMK', 'Pensil 2b', 0.417, 'KOTAK', 25000, 0, ''),
('DIST040', '2017-03-13', 'SDMK', 'Steples No 10', 3, 'BUAH', 20000, 25, ''),
('DIST040', '2017-03-13', 'SDMK', 'Lem Kertas Cair (2017)', 3, 'BUAH', 5000, 24, ''),
('DIST040', '2017-03-13', 'SDMK', 'Lakban', 1, 'GULUNG', 15000, 11, ''),
('DIST040', '2017-03-13', 'SDMK', 'Gunting', 3, 'BUAH', 11000, 7, ''),
('DIST040', '2017-03-13', 'SDMK', 'Peraut Pensil', 1, 'BUAH', 25000, 0, ''),
('DIST040', '2017-03-13', 'SDMK', 'Penghapus Pensil', 3, 'BUAH', 3500, 3, ''),
('DIST040', '2017-03-13', 'SDMK', 'Odner Folio Setara Gungyu', 10, 'BUAH', 25000, 6, ''),
('DIST041', '2017-03-13', 'Kasie Kesmas/Gizi', 'Kertas F4 70gr (2017)', 3, 'RIM', 41000, 496, ''),
('DIST041', '2017-03-13', 'Kasie Kesmas/Gizi', 'Kertas A4', 3, 'RIM', 39000, 36, ''),
('DIST041', '2017-03-13', 'Kasie Kesmas/Gizi', 'Steples No 10', 1, 'BUAH', 20000, 24, ''),
('DIST041', '2017-03-13', 'Kasie Kesmas/Gizi', 'Paper Klip (2017)', 1, 'KOTAK', 15000, 23.5, ''),
('DIST041', '2017-03-13', 'Kasie Kesmas/Gizi', 'Amplop Coklat', 0.1, 'BOX', 18000, 33.9, ''),
('DIST041', '2017-03-13', 'Kasie Kesmas/Gizi', 'Lem Kertas Cair (2017)', 1, 'BUAH', 5000, 23, ''),
('DIST041', '2017-03-13', 'Kasie Kesmas/Gizi', 'Cetak Kwitansi NCR', 2, 'BUKU', 48000, 33, ''),
('DIST042', '2017-03-13', 'Kasie Yankes Primer & Tradisional', 'Cetak Kwitansi NCR', 3, 'BUKU', 48000, 30, ''),
('DIST042', '2017-03-13', 'Kasie Yankes Primer & Tradisional', 'Spidol', 1, 'BUAH', 8000, 37, ''),
('DIST042', '2017-03-13', 'Kasie Yankes Primer & Tradisional', 'Cetak Map Dinas Bertulang', 5, 'BUAH', 17000, 281, ''),
('DIST042', '2017-03-13', 'Kasie Yankes Primer & Tradisional', 'Cetak Amplop Dinas Ukuran Folio', 50, 'BUAH', 5500, 538, ''),
('DIST042', '2017-03-13', 'Kasie Yankes Primer & Tradisional', 'Balpoin BP 7 (2017)', 0.25, 'KOTAK', 21500, 28.75, ''),
('DIST042', '2017-03-13', 'Kasie Yankes Primer & Tradisional', 'Steples No 10', 1, 'BUAH', 20000, 23, ''),
('DIST042', '2017-03-13', 'Kasie Yankes Primer & Tradisional', 'Isi Stapler Max 10 (2017)', 3, 'KOTAK', 40000, 44, ''),
('DIST042', '2017-03-13', 'Kasie Yankes Primer & Tradisional', 'Stabilo', 1, 'BUAH', 8000, 33, ''),
('DIST042', '2017-03-13', 'Kasie Yankes Primer & Tradisional', 'Post it', 1, 'BUAH', 12000, 1, ''),
('DIST043', '2017-03-13', 'Kefarmasian, Alkes dan PKRT', 'Kertas A4', 2, 'RIM', 39000, 34, ''),
('DIST043', '2017-03-13', 'Kefarmasian, Alkes dan PKRT', 'Kertas F4 70gr (2017)', 1, 'RIM', 41000, 495, ''),
('DIST043', '2017-03-13', 'Kefarmasian, Alkes dan PKRT', 'Binder Klip No 111 (2017)', 1, 'KOTAK', 35000, 24, ''),
('DIST043', '2017-03-13', 'Kefarmasian, Alkes dan PKRT', 'Isi Stapler Max 10 (2017)', 1, 'KOTAK', 40000, 43, ''),
('DIST043', '2017-03-13', 'Kefarmasian, Alkes dan PKRT', 'Cetak Amplop Dinas 10 x 25cm', 49, 'BUAH', 2000, 0, ''),
('DIST043', '2017-03-13', 'Kefarmasian, Alkes dan PKRT', 'Cetak Amplop Dinas Ukuran Folio', 1, 'BUAH', 5500, 537, ''),
('DIST043', '2017-03-13', 'Kefarmasian, Alkes dan PKRT', 'Paper Klip (2017)', 1, 'KOTAK', 15000, 22.5, ''),
('DIST043', '2017-03-13', 'Kefarmasian, Alkes dan PKRT', 'Binder Klip No 107', 1, 'KOTAK', 5000, 9.5, ''),
('DIST044', '2017-03-13', 'Bidang Kesga Promkes', 'Lakban', 1, 'GULUNG', 15000, 10, ''),
('DIST045', '2017-03-14', 'Kasie Kesmas/Gizi', 'Steples No 10', 1, 'BUAH', 20000, 22, ''),
('DIST045', '2017-03-14', 'Kasie Kesmas/Gizi', 'Isi Stapler Max 10 (2017)', 3, 'KOTAK', 40000, 40, ''),
('DIST045', '2017-03-14', 'Kasie Kesmas/Gizi', 'Paper Klip (2017)', 1.5, 'KOTAK', 15000, 21, ''),
('DIST045', '2017-03-14', 'Kasie Kesmas/Gizi', 'Binder Klip No 111 (2017)', 1, 'KOTAK', 35000, 23, ''),
('DIST045', '2017-03-14', 'Kasie Kesmas/Gizi', 'Balpoin BP 7 (2017)', 0.416, 'KOTAK', 21500, 28.334, ''),
('DIST045', '2017-03-14', 'Kasie Kesmas/Gizi', 'Pena Signo', 1, 'BUAH', 11500, 17, ''),
('DIST045', '2017-03-14', 'Kasie Kesmas/Gizi', 'Lem Kertas Cair (2017)', 1, 'BUAH', 5000, 22, ''),
('DIST045', '2017-03-14', 'Kasie Kesmas/Gizi', 'Stabilo', 1, 'BUAH', 8000, 32, ''),
('DIST045', '2017-03-14', 'Kasie Kesmas/Gizi', 'Post it', 1, 'BUAH', 12000, 0, ''),
('DIST045', '2017-03-14', 'Kasie Kesmas/Gizi', 'Spidol', 1, 'BUAH', 8000, 36, ''),
('DIST045', '2017-03-14', 'Kasie Kesmas/Gizi', 'Kertas F4 70gr (2017)', 3, 'RIM', 41000, 492, ''),
('DIST045', '2017-03-14', 'Kasie Kesmas/Gizi', 'Kertas A4', 2, 'RIM', 39000, 32, ''),
('DIST045', '2017-03-14', 'Kasie Kesmas/Gizi', 'Cetak Amplop Dinas Ukuran Folio', 45, 'BUAH', 5500, 492, ''),
('DIST046', '2017-03-15', 'KEPEGAWAIAN & UMUM', 'Buku Agenda Surat Masuk dan Keluar (2017)', 3, 'BUAH', 22000, 22, ''),
('DIST046', '2017-03-15', 'KEPEGAWAIAN & UMUM', 'Cetak Lembar Disposisi', 1, 'RIM', 65000, 17, ''),
('DIST046', '2017-03-15', 'KEPEGAWAIAN & UMUM', 'Balpoin BP 7 (2017)', 1, 'KOTAK', 21500, 27.334, ''),
('DIST046', '2017-03-15', 'KEPEGAWAIAN & UMUM', 'Post it (2017)', 2, 'BUAH', 18000, 53, ''),
('DIST046', '2017-03-15', 'KEPEGAWAIAN & UMUM', 'Isi Stapler Max 10 (2017)', 4, 'KOTAK', 40000, 36, ''),
('DIST046', '2017-03-15', 'KEPEGAWAIAN & UMUM', 'Gunting', 2, 'BUAH', 11000, 5, ''),
('DIST046', '2017-03-15', 'KEPEGAWAIAN & UMUM', 'Spidol', 3, 'BUAH', 8000, 33, ''),
('DIST046', '2017-03-15', 'KEPEGAWAIAN & UMUM', 'Pensil 2b (2017)', 0.25, 'KOTAK', 32000, 4.75, ''),
('DIST046', '2017-03-15', 'KEPEGAWAIAN & UMUM', 'Stabilo', 2, 'BUAH', 8000, 30, ''),
('DIST047', '2017-03-15', 'Kasi Pelayanan Kesehatan', 'Cetak Kwitansi NCR', 1, 'BUKU', 48000, 29, ''),
('DIST047', '2017-03-15', 'Kasi Pelayanan Kesehatan', 'Spidol', 2, 'BUAH', 8000, 31, ''),
('DIST047', '2017-03-15', 'Kasi Pelayanan Kesehatan', 'Balpoin BP 7 (2017)', 0.334, 'KOTAK', 21500, 27, ''),
('DIST047', '2017-03-15', 'Kasi Pelayanan Kesehatan', 'Steples No 10', 1, 'BUAH', 20000, 21, ''),
('DIST047', '2017-03-15', 'Kasi Pelayanan Kesehatan', 'Isi Stapler Max 10 (2017)', 3, 'KOTAK', 40000, 33, ''),
('DIST047', '2017-03-15', 'Kasi Pelayanan Kesehatan', 'Stabilo', 1, 'BUAH', 8000, 29, ''),
('DIST047', '2017-03-15', 'Kasi Pelayanan Kesehatan', 'Kertas A4', 2, 'RIM', 39000, 30, ''),
('DIST047', '2017-03-15', 'Kasi Pelayanan Kesehatan', 'Kertas F4 70gr (2017)', 2, 'RIM', 41000, 490, ''),
('DIST047', '2017-03-15', 'Kasi Pelayanan Kesehatan', 'Post it (2017)', 1, 'BUAH', 18000, 52, ''),
('DIST047', '2017-03-15', 'Kasi Pelayanan Kesehatan', 'Lem Kertas Cair (2017)', 1, 'BUAH', 5000, 21, ''),
('DIST048', '2017-03-16', 'P2ML', 'Kertas F4 70gr (2017)', 4, 'RIM', 41000, 486, ''),
('DIST048', '2017-03-16', 'P2ML', 'Kertas A4', 4, 'RIM', 39000, 26, ''),
('DIST048', '2017-03-16', 'P2ML', 'Amplop Coklat', 0.9, 'BOX', 18000, 33, ''),
('DIST048', '2017-03-16', 'P2ML', 'Balpoin BP 7 (2017)', 1, 'KOTAK', 21500, 26, ''),
('DIST048', '2017-03-16', 'P2ML', 'Pensil 2b (2017)', 1, 'KOTAK', 32000, 3.75, ''),
('DIST048', '2017-03-16', 'P2ML', 'Steples No 10', 4, 'BUAH', 20000, 17, ''),
('DIST048', '2017-03-16', 'P2ML', 'Isi Stapler Max 10 (2017)', 4, 'KOTAK', 40000, 29, ''),
('DIST049', '2017-03-21', 'Kasi Promosi Kesehatan', 'Cetak Map Dinas Bertulang', 20, 'BUAH', 17000, 261, ''),
('DIST049', '2017-03-21', 'Kasi Promosi Kesehatan', 'Stopmap Folio', 0.28, 'KOTAK', 50000, 88, ''),
('DIST049', '2017-03-21', 'Kasi Promosi Kesehatan', 'Cetak Amplop Dinas Ukuran Folio', 100, 'BUAH', 5500, 392, ''),
('DIST049', '2017-03-21', 'Kasi Promosi Kesehatan', 'Amplop Coklat', 1, 'BOX', 18000, 32, ''),
('DIST049', '2017-03-21', 'Kasi Promosi Kesehatan', 'Spidol', 1, 'BUAH', 8000, 30, ''),
('DIST049', '2017-03-21', 'Kasi Promosi Kesehatan', 'Cetak Kwitansi NCR', 5, 'BUKU', 48000, 24, ''),
('DIST049', '2017-03-21', 'Kasi Promosi Kesehatan', 'Isi Stapler Max 10 (2017)', 2, 'KOTAK', 40000, 27, ''),
('DIST049', '2017-03-21', 'Kasi Promosi Kesehatan', 'Balpoin BP 7 (2017)', 0.333, 'KOTAK', 21500, 25.667, ''),
('DIST049', '2017-03-21', 'Kasi Promosi Kesehatan', 'Pensil 2b (2017)', 0.166, 'KOTAK', 32000, 3.584, ''),
('DIST049', '2017-03-21', 'Kasi Promosi Kesehatan', 'Paper Klip (2017)', 1, 'KOTAK', 15000, 20, ''),
('DIST049', '2017-03-21', 'Kasi Promosi Kesehatan', 'Penghapus Pensil', 1, 'BUAH', 3500, 2, ''),
('DIST050', '2017-03-21', 'Bidang Kesga Promkes', 'Kertas F4 70gr (2017)', 2, 'RIM', 41000, 484, ''),
('DIST051', '2017-03-21', '', 'Buku Expedisi isi 100 Lembar', 5, 'BUAH', 8000, 8, ''),
('DIST052', '2017-03-24', 'Kasie Kesmas/Gizi', 'Kertas A4 (2017)', 2, 'RIM', 36000, 398, ''),
('DIST052', '2017-03-24', 'Kasie Kesmas/Gizi', 'Kertas F4 70gr (2017)', 2, 'RIM', 41000, 482, ''),
('DIST052', '2017-03-24', 'Kasie Kesmas/Gizi', 'Odner Folio Setara Gungyu', 6, 'BUAH', 25000, 0, ''),
('DIST052', '2017-03-24', 'Kasie Kesmas/Gizi', 'Odner Folio Setara Gungyu (2017)', 4, 'BUAH', 22000, 196, ''),
('DIST052', '2017-03-24', 'Kasie Kesmas/Gizi', 'Amplop Coklat', 0.05, 'BOX', 18000, 31.95, ''),
('DIST052', '2017-03-24', 'Kasie Kesmas/Gizi', 'Paper Klip (2017)', 1, 'KOTAK', 15000, 19, ''),
('DIST052', '2017-03-24', 'Kasie Kesmas/Gizi', 'Binder Klip No 107', 1, 'KOTAK', 5000, 8.5, ''),
('DIST052', '2017-03-24', 'Kasie Kesmas/Gizi', 'Balpoin BP 7 (2017)', 1, 'KOTAK', 21500, 24.667, ''),
('DIST052', '2017-03-24', 'Kasie Kesmas/Gizi', 'Pensil 2b (2017)', 1, 'KOTAK', 32000, 2.584, ''),
('DIST052', '2017-03-24', 'Kasie Kesmas/Gizi', 'Steples No 10', 2, 'BUAH', 20000, 15, ''),
('DIST052', '2017-03-24', 'Kasie Kesmas/Gizi', 'Stopmap Folio', 0.1, 'KOTAK', 50000, 87.9, ''),
('DIST053', '2017-03-24', 'SDMK', 'Kertas A4', 3, 'RIM', 39000, 23, ''),
('DIST053', '2017-03-24', 'SDMK', 'Kertas F4 70gr (2017)', 2, 'RIM', 41000, 480, ''),
('DIST053', '2017-03-24', 'SDMK', 'Binder Klip No 111 (2017)', 2, 'KOTAK', 35000, 21, ''),
('DIST053', '2017-03-24', 'SDMK', 'Isi Stapler Max 10 (2017)', 2, 'KOTAK', 40000, 25, ''),
('DIST053', '2017-03-24', 'SDMK', 'Cetak Map Dinas Bertulang', 10, 'BUAH', 17000, 251, ''),
('DIST053', '2017-03-24', 'SDMK', 'Pena Signo', 4, 'BUAH', 11500, 13, ''),
('DIST053', '2017-03-24', 'SDMK', 'Paper Klip (2017)', 2, 'KOTAK', 15000, 17, ''),
('DIST053', '2017-03-24', 'SDMK', 'Buku Folio Isi 100 Lembar (2017)', 1, 'BUAH', 18000, 0, ''),
('DIST053', '2017-03-24', 'SDMK', 'Balpoin BP 7 (2017)', 0.667, 'KOTAK', 21500, 24, ''),
('DIST053', '2017-03-24', 'SDMK', 'Pensil 2b (2017)', 0.584, 'KOTAK', 32000, 2, ''),
('DIST053', '2017-03-24', 'SDMK', 'Steples No 10', 2, 'BUAH', 20000, 13, ''),
('DIST053', '2017-03-24', 'SDMK', 'Lem Kertas Cair (2017)', 5, 'BUAH', 5000, 16, ''),
('DIST053', '2017-03-24', 'SDMK', 'Lakban', 2, 'GULUNG', 15000, 8, ''),
('DIST053', '2017-03-24', 'SDMK', 'Penghapus Pensil', 2, 'BUAH', 3500, 0, ''),
('DIST053', '2017-03-24', 'SDMK', 'Penghapus Pensil (2017)', 3, 'BUAH', 4000, 12, ''),
('DIST053', '2017-03-24', 'SDMK', 'Odner Folio Setara Gungyu (2017)', 10, 'BUAH', 22000, 186, ''),
('DIST054', '2017-04-04', 'KEPEGAWAIAN & UMUM', 'Buku Agenda Surat Masuk dan Keluar (2017)', 2, 'BUAH', 22000, 20, ''),
('DIST054', '2017-04-04', 'KEPEGAWAIAN & UMUM', 'Cetak Lembar Disposisi', 1, 'RIM', 65000, 16, ''),
('DIST054', '2017-04-04', 'KEPEGAWAIAN & UMUM', 'Balpoin BP 7 (2017)', 1, 'KOTAK', 21500, 23, ''),
('DIST054', '2017-04-04', 'KEPEGAWAIAN & UMUM', 'Post it (2017)', 2, 'BUAH', 18000, 50, ''),
('DIST054', '2017-04-04', 'KEPEGAWAIAN & UMUM', 'Isi Stapler Max 10 (2017)', 4, 'KOTAK', 40000, 21, ''),
('DIST054', '2017-04-04', 'KEPEGAWAIAN & UMUM', 'Gunting', 2, 'BUAH', 11000, 3, ''),
('DIST054', '2017-04-04', 'KEPEGAWAIAN & UMUM', 'Spidol', 3, 'BUAH', 8000, 27, ''),
('DIST054', '2017-04-04', 'KEPEGAWAIAN & UMUM', 'Pensil 2b (2017)', 0.25, 'KOTAK', 32000, 1.75, ''),
('DIST054', '2017-04-04', 'KEPEGAWAIAN & UMUM', 'Stabilo', 2, 'BUAH', 8000, 27, ''),
('DIST054', '2017-04-04', 'KEPEGAWAIAN & UMUM', 'Binder Klip No 111 (2017)', 2, 'KOTAK', 35000, 19, ''),
('DIST054', '2017-04-04', 'KEPEGAWAIAN & UMUM', 'Pena Signo', 3, 'BUAH', 11500, 10, ''),
('DIST054', '2017-04-04', 'KEPEGAWAIAN & UMUM', 'Kertas F4 70gr (2017)', 6, 'RIM', 41000, 474, ''),
('DIST054', '2017-04-04', 'KEPEGAWAIAN & UMUM', 'Odner Folio Setara Gungyu (2017)', 10, 'BUAH', 22000, 176, ''),
('DIST054', '2017-04-04', 'KEPEGAWAIAN & UMUM', 'Binder Klip No 155', 1, 'KOTAK', 12000, 2, ''),
('DIST054', '2017-04-04', 'KEPEGAWAIAN & UMUM', 'Kertas A4', 3, 'RIM', 39000, 20, ''),
('DIST054', '2017-04-04', 'KEPEGAWAIAN & UMUM', 'Steples No 3', 1, 'BUAH', 31000, 11, ''),
('DIST055', '2017-04-04', 'Kasie Surveilance & Imunisasi', 'Kertas F4 70gr (2017)', 1, 'RIM', 41000, 473, ''),
('DIST055', '2017-04-04', 'Kasie Surveilance & Imunisasi', 'Kertas A4', 1, 'RIM', 39000, 19, ''),
('DIST055', '2017-04-04', 'Kasie Surveilance & Imunisasi', 'Stopmap Folio', 0.9, 'KOTAK', 50000, 87, ''),
('DIST055', '2017-04-04', 'Kasie Surveilance & Imunisasi', 'Cetak Map Dinas Bertulang', 2, 'BUAH', 17000, 249, ''),
('DIST055', '2017-04-04', 'Kasie Surveilance & Imunisasi', 'Isi Stapler Max 10 (2017)', 2, 'KOTAK', 40000, 19, ''),
('DIST055', '2017-04-04', 'Kasie Surveilance & Imunisasi', 'Isi Stapler Max 3', 2, 'KOTAK', 116000, 3, ''),
('DIST055', '2017-04-04', 'Kasie Surveilance & Imunisasi', 'Steples No 3', 1, 'BUAH', 31000, 10, ''),
('DIST055', '2017-04-04', 'Kasie Surveilance & Imunisasi', 'Lakban', 1, 'GULUNG', 15000, 7, ''),
('DIST055', '2017-04-04', 'Kasie Surveilance & Imunisasi', 'Refil Toner Laserjet', 1, 'BUAH', 170000, 347, ''),
('DIST056', '2017-04-04', 'Kasie Fasyankes dan Peningkatan Mutu', 'Odner Folio Setara Gungyu (2017)', 10, 'BUAH', 22000, 166, ''),
('DIST056', '2017-04-04', 'Kasie Fasyankes dan Peningkatan Mutu', 'Isi Stapler Max 10 (2017)', 5, 'KOTAK', 40000, 14, ''),
('DIST056', '2017-04-04', 'Kasie Fasyankes dan Peningkatan Mutu', 'Steples No 10', 2, 'BUAH', 20000, 11, ''),
('DIST056', '2017-04-04', 'Kasie Fasyankes dan Peningkatan Mutu', 'Paper Klip (2017)', 5, 'KOTAK', 15000, 12, ''),
('DIST056', '2017-04-04', 'Kasie Fasyankes dan Peningkatan Mutu', 'Stabilo', 2, 'BUAH', 8000, 25, ''),
('DIST056', '2017-04-04', 'Kasie Fasyankes dan Peningkatan Mutu', 'Pena Signo', 3, 'BUAH', 11500, 7, ''),
('DIST056', '2017-04-04', 'Kasie Fasyankes dan Peningkatan Mutu', 'Balpoin BP 7 (2017)', 0.416, 'KOTAK', 21500, 22.584, ''),
('DIST056', '2017-04-04', 'Kasie Fasyankes dan Peningkatan Mutu', 'Lem Kertas Cair (2017)', 2, 'BUAH', 5000, 14, ''),
('DIST056', '2017-04-04', 'Kasie Fasyankes dan Peningkatan Mutu', 'Kertas F4 70gr (2017)', 5, 'RIM', 41000, 468, ''),
('DIST056', '2017-04-04', 'Kasie Fasyankes dan Peningkatan Mutu', 'Kertas A4', 3, 'RIM', 39000, 16, ''),
('DIST057', '2017-04-04', 'Kasie Fasyankes dan Peningkatan Mutu', 'Kertas A4', 2, 'RIM', 39000, 14, ''),
('DIST057', '2017-04-04', 'Kasie Fasyankes dan Peningkatan Mutu', 'Kertas F4 70gr (2017)', 2, 'RIM', 41000, 466, ''),
('DIST057', '2017-04-04', 'Kasie Fasyankes dan Peningkatan Mutu', 'Balpoin BP 7 (2017)', 0.25, 'KOTAK', 21500, 22.334, ''),
('DIST058', '2017-04-04', 'Kasie Fasyankes dan Peningkatan Mutu', 'Kertas F4 70gr (2017)', 2, 'RIM', 41000, 464, ''),
('DIST058', '2017-04-04', 'Kasie Fasyankes dan Peningkatan Mutu', 'Kertas A4', 2, 'RIM', 39000, 12, ''),
('DIST058', '2017-04-04', 'Kasie Fasyankes dan Peningkatan Mutu', 'Isi Stapler Max 10 (2017)', 5, 'KOTAK', 40000, 9, ''),
('DIST058', '2017-04-04', 'Kasie Fasyankes dan Peningkatan Mutu', 'Odner Folio Setara Gungyu (2017)', 2, 'BUAH', 22000, 164, ''),
('DIST059', '2017-04-04', 'Kasie Fasyankes dan Peningkatan Mutu', 'Amplop Coklat', 1.95, 'BOX', 18000, 30, ''),
('DIST059', '2017-04-04', 'Kasie Fasyankes dan Peningkatan Mutu', 'Cetak Map Dinas Bertulang', 20, 'BUAH', 17000, 229, ''),
('DIST059', '2017-04-04', 'Kasie Fasyankes dan Peningkatan Mutu', 'Stopmap Folio', 0.2, 'KOTAK', 50000, 86.8, ''),
('DIST059', '2017-04-04', 'Kasie Fasyankes dan Peningkatan Mutu', 'Isi Stapler Max 10 (2017)', 5, 'KOTAK', 40000, 4, ''),
('DIST059', '2017-04-04', 'Kasie Fasyankes dan Peningkatan Mutu', 'Steples No 10', 2, 'BUAH', 20000, 9, ''),
('DIST059', '2017-04-04', 'Kasie Fasyankes dan Peningkatan Mutu', 'Paper Klip (2017)', 5, 'KOTAK', 15000, 7, ''),
('DIST059', '2017-04-04', 'Kasie Fasyankes dan Peningkatan Mutu', 'Stabilo', 2, 'BUAH', 8000, 23, ''),
('DIST059', '2017-04-04', 'Kasie Fasyankes dan Peningkatan Mutu', 'Pena Signo', 3, 'BUAH', 11500, 4, ''),
('DIST059', '2017-04-04', 'Kasie Fasyankes dan Peningkatan Mutu', 'Balpoin BP 7 (2017)', 0.334, 'KOTAK', 21500, 22, ''),
('DIST059', '2017-04-04', 'Kasie Fasyankes dan Peningkatan Mutu', 'Gunting', 1, 'BUAH', 11000, 2, ''),
('DIST059', '2017-04-04', 'Kasie Fasyankes dan Peningkatan Mutu', 'Lem Kertas Cair (2017)', 2, 'BUAH', 5000, 12, ''),
('DIST059', '2017-04-04', 'Kasie Fasyankes dan Peningkatan Mutu', 'Lakban', 1, 'GULUNG', 15000, 6, ''),
('DIST059', '2017-04-04', 'Kasie Fasyankes dan Peningkatan Mutu', 'Kertas F4 70gr (2017)', 5, 'RIM', 41000, 459, ''),
('DIST059', '2017-04-04', 'Kasie Fasyankes dan Peningkatan Mutu', 'Kertas A4', 3, 'RIM', 39000, 9, ''),
('DIST059', '2017-04-04', 'Kasie Fasyankes dan Peningkatan Mutu', 'Pensil 2b (2017)', 0.416, 'KOTAK', 32000, 1.334, ''),
('DIST059', '2017-04-04', 'Kasie Fasyankes dan Peningkatan Mutu', 'Cetak Kwitansi NCR', 3, 'BUKU', 48000, 21, ''),
('DIST059', '2017-04-04', 'Kasie Fasyankes dan Peningkatan Mutu', 'Spidol', 2, 'BUAH', 8000, 25, ''),
('DIST060', '2017-04-05', 'Kasie Fasyankes dan Peningkatan Mutu', 'Kertas F4 70gr (2017)', 5, 'RIM', 41000, 454, ''),
('DIST060', '2017-04-05', 'Kasie Fasyankes dan Peningkatan Mutu', 'Kertas A4', 3, 'RIM', 39000, 6, ''),
('DIST060', '2017-04-05', 'Kasie Fasyankes dan Peningkatan Mutu', 'Binder Klip No 111 (2017)', 2, 'KOTAK', 35000, 17, ''),
('DIST060', '2017-04-05', 'Kasie Fasyankes dan Peningkatan Mutu', 'Binder Klip No 155', 2, 'KOTAK', 12000, 0, ''),
('DIST060', '2017-04-05', 'Kasie Fasyankes dan Peningkatan Mutu', 'Paper Klip (2017)', 2, 'KOTAK', 15000, 5, ''),
('DIST060', '2017-04-05', 'Kasie Fasyankes dan Peningkatan Mutu', 'Isi Stapler Max 10 (2017)', 2, 'KOTAK', 40000, 2, ''),
('DIST060', '2017-04-05', 'Kasie Fasyankes dan Peningkatan Mutu', 'Balpoin BP 7 (2017)', 1, 'KOTAK', 21500, 21, ''),
('DIST060', '2017-04-05', 'Kasie Fasyankes dan Peningkatan Mutu', 'Odner Folio Setara Gungyu (2017)', 5, 'BUAH', 22000, 159, ''),
('DIST060', '2017-04-05', 'Kasie Fasyankes dan Peningkatan Mutu', 'Stopmap Folio', 0.2, 'KOTAK', 50000, 86.6, ''),
('DIST061', '2017-04-07', 'Kesga dan Gizi', 'Kertas A4', 3, 'RIM', 39000, 3, ''),
('DIST061', '2017-04-07', 'Kesga dan Gizi', 'Kertas F4 70gr (2017)', 1, 'RIM', 41000, 453, ''),
('DIST061', '2017-04-07', 'Kesga dan Gizi', 'Amplop Coklat', 1, 'BOX', 18000, 29, ''),
('DIST061', '2017-04-07', 'Kesga dan Gizi', 'Paper Klip (2017)', 1, 'KOTAK', 15000, 4, ''),
('DIST061', '2017-04-07', 'Kesga dan Gizi', 'Binder Klip No 111 (2017)', 1, 'KOTAK', 35000, 16, ''),
('DIST061', '2017-04-07', 'Kesga dan Gizi', 'Lem Kertas Cair (2017)', 1, 'BUAH', 5000, 11, ''),
('DIST061', '2017-04-07', 'Kesga dan Gizi', 'Balpoin BP 7 (2017)', 0.333, 'KOTAK', 21500, 20.667, ''),
('DIST061', '2017-04-07', 'Kesga dan Gizi', 'Odner Folio Setara Gungyu (2017)', 2, 'BUAH', 22000, 157, ''),
('DIST061', '2017-04-07', 'Kesga dan Gizi', 'Cetak Map Dinas Bertulang', 10, 'BUAH', 17000, 219, ''),
('DIST062', '2017-04-14', 'Kefarmasian, Alkes dan PKRT', 'Kertas A4', 2, 'RIM', 39000, 1, ''),
('DIST062', '2017-04-14', 'Kefarmasian, Alkes dan PKRT', 'Kertas F4 70gr (2017)', 4, 'RIM', 41000, 449, ''),
('DIST062', '2017-04-14', 'Kefarmasian, Alkes dan PKRT', 'Binder Klip No 111 (2017)', 2, 'KOTAK', 35000, 14, ''),
('DIST062', '2017-04-14', 'Kefarmasian, Alkes dan PKRT', 'Isi Stapler Max 10 (2017)', 1, 'KOTAK', 40000, 1, ''),
('DIST062', '2017-04-14', 'Kefarmasian, Alkes dan PKRT', 'Cetak Amplop Dinas Ukuran Folio', 100, 'BUAH', 5500, 292, ''),
('DIST062', '2017-04-14', 'Kefarmasian, Alkes dan PKRT', 'Odner Folio Setara Gungyu (2017)', 5, 'BUAH', 22000, 152, ''),
('DIST062', '2017-04-14', 'Kefarmasian, Alkes dan PKRT', 'Spidol', 2, 'BUAH', 8000, 23, ''),
('DIST062', '2017-04-14', 'Kefarmasian, Alkes dan PKRT', 'Lem Kertas Cair (2017)', 2, 'BUAH', 5000, 9, ''),
('DIST062', '2017-04-14', 'Kefarmasian, Alkes dan PKRT', 'Balpoin BP 7 (2017)', 0.667, 'KOTAK', 21500, 20, ''),
('DIST062', '2017-04-14', 'Kefarmasian, Alkes dan PKRT', 'Pensil 2b (2017)', 0.334, 'KOTAK', 32000, 1, ''),
('DIST062', '2017-04-14', 'Kefarmasian, Alkes dan PKRT', 'Paper Klip (2017)', 2, 'KOTAK', 15000, 2, ''),
('DIST062', '2017-04-14', 'Kefarmasian, Alkes dan PKRT', 'Post it (2017)', 1, 'BUAH', 18000, 49, ''),
('DIST062', '2017-04-14', 'Kefarmasian, Alkes dan PKRT', 'Stopmap Folio', 0.1, 'KOTAK', 50000, 86.5, ''),
('DIST063', '2017-04-17', 'Kasie Pembiayaan & Jaminan Kesehatan', 'Kertas F4 70gr (2017)', 3, 'RIM', 41000, 446, ''),
('DIST063', '2017-04-17', 'Kasie Pembiayaan & Jaminan Kesehatan', 'Kertas A4', 1, 'RIM', 39000, 0, ''),
('DIST063', '2017-04-17', 'Kasie Pembiayaan & Jaminan Kesehatan', 'Kertas A4 (2017)', 1, 'RIM', 36000, 397, ''),
('DIST063', '2017-04-17', 'Kasie Pembiayaan & Jaminan Kesehatan', 'Odner Folio Setara Gungyu (2017)', 5, 'BUAH', 22000, 147, ''),
('DIST063', '2017-04-17', 'Kasie Pembiayaan & Jaminan Kesehatan', 'Cetak Map Dinas Bertulang', 10, 'BUAH', 17000, 209, ''),
('DIST063', '2017-04-17', 'Kasie Pembiayaan & Jaminan Kesehatan', 'Balpoin BP 7 (2017)', 0.416, 'KOTAK', 21500, 19.584, ''),
('DIST063', '2017-04-17', 'Kasie Pembiayaan & Jaminan Kesehatan', 'Binder Klip No 107', 1, 'KOTAK', 5000, 7.5, ''),
('DIST063', '2017-04-17', 'Kasie Pembiayaan & Jaminan Kesehatan', 'Binder Klip No 111 (2017)', 1, 'KOTAK', 35000, 13, ''),
('DIST063', '2017-04-17', 'Kasie Pembiayaan & Jaminan Kesehatan', 'Lem Kertas Cair (2017)', 1, 'BUAH', 5000, 8, ''),
('DIST064', '2017-04-17', 'Kasie Yankes Primer & Tradisional', 'Cetak Kwitansi NCR', 2, 'BUKU', 48000, 19, ''),
('DIST064', '2017-04-17', 'Kasie Yankes Primer & Tradisional', 'Buku Expedisi isi 100 Lembar', 4, 'BUAH', 8000, 4, ''),
('DIST064', '2017-04-17', 'Kasie Yankes Primer & Tradisional', 'Cetak Map Dinas Bertulang', 5, 'BUAH', 17000, 204, ''),
('DIST064', '2017-04-17', 'Kasie Yankes Primer & Tradisional', 'Odner Folio Setara Gungyu (2017)', 5, 'BUAH', 22000, 142, ''),
('DIST064', '2017-04-17', 'Kasie Yankes Primer & Tradisional', 'Cetak Amplop Dinas Ukuran Folio', 100, 'BUAH', 5500, 192, ''),
('DIST064', '2017-04-17', 'Kasie Yankes Primer & Tradisional', 'Post it (2017)', 5, 'BUAH', 18000, 44, ''),
('DIST064', '2017-04-17', 'Kasie Yankes Primer & Tradisional', 'Kertas F4 70gr (2017)', 4, 'RIM', 41000, 442, ''),
('DIST065', '2017-04-19', 'Kasi Pelayanan Kesehatan', 'Spidol', 2, 'BUAH', 8000, 21, ''),
('DIST065', '2017-04-19', 'Kasi Pelayanan Kesehatan', 'Odner Folio Setara Gungyu (2017)', 5, 'BUAH', 22000, 137, ''),
('DIST065', '2017-04-19', 'Kasi Pelayanan Kesehatan', 'Pena Signo', 3, 'BUAH', 11500, 1, ''),
('DIST065', '2017-04-19', 'Kasi Pelayanan Kesehatan', 'Stabilo', 3, 'BUAH', 8000, 20, ''),
('DIST065', '2017-04-19', 'Kasi Pelayanan Kesehatan', 'Kertas F4 70gr (2017)', 4, 'RIM', 41000, 438, ''),
('DIST065', '2017-04-19', 'Kasi Pelayanan Kesehatan', 'Post it (2017)', 3, 'BUAH', 18000, 41, ''),
('DIST065', '2017-04-19', 'Kasi Pelayanan Kesehatan', 'Gunting', 1, 'BUAH', 11000, 1, ''),
('DIST065', '2017-04-19', 'Kasi Pelayanan Kesehatan', 'Pensil 2b (2017)', 0.166, 'KOTAK', 32000, 0.834, ''),
('DIST066', '2017-04-25', 'SDMK', 'Lem Kertas Cair (2017)', 1, 'BUAH', 5000, 7, ''),
('DIST067', '2017-04-28', 'Bidang Yankes & Kefarmasian', 'Kertas A4 (2017)', 2, 'RIM', 36000, 395, ''),
('DIST067', '2017-04-28', 'Bidang Yankes & Kefarmasian', 'Kertas F4 70gr (2017)', 3, 'RIM', 41000, 435, ''),
('DIST067', '2017-04-28', 'Bidang Yankes & Kefarmasian', 'Odner Folio Setara Gungyu (2017)', 3, 'BUAH', 22000, 134, ''),
('DIST067', '2017-04-28', 'Bidang Yankes & Kefarmasian', 'Binder Klip No 105', 3, 'KOTAK', 5000, 12, ''),
('DIST067', '2017-04-28', 'Bidang Yankes & Kefarmasian', 'Cetak Amplop Dinas Ukuran Folio', 20, 'BUAH', 5500, 172, ''),
('DIST067', '2017-04-28', 'Bidang Yankes & Kefarmasian', 'Stopmap Folio', 0.2, 'KOTAK', 50000, 86.3, ''),
('DIST067', '2017-04-28', 'Bidang Yankes & Kefarmasian', 'Post it (2017)', 1, 'BUAH', 18000, 40, ''),
('DIST068', '2017-05-02', 'P2ML', 'Kertas F4 70gr (2017)', 4, 'RIM', 41000, 431, ''),
('DIST068', '2017-05-02', 'P2ML', 'Binder Klip No 155 (2017)', 2, 'KOTAK', 23000, 28, ''),
('DIST068', '2017-05-02', 'P2ML', 'Balpoin BP 7 (2017)', 0.584, 'KOTAK', 21500, 19, ''),
('DIST068', '2017-05-02', 'P2ML', 'Isi Stapler Max 10 (2017)', 1, 'KOTAK', 40000, 0, ''),
('DIST068', '2017-05-02', 'P2ML', 'Isi Stapler Max 3', 3, 'KOTAK', 116000, 0, ''),
('DIST068', '2017-05-02', 'P2ML', 'Odner Folio Setara Gungyu (2017)', 4, 'BUAH', 22000, 130, '');
INSERT INTO `dtl_distribusi` (`id_distribusi`, `tgl_dist`, `nama_distribusi`, `nama_barang`, `barang_keluar`, `satuan`, `harga_satuan`, `stok_sisa`, `keterangan`) VALUES
('DIST068', '2017-05-02', 'P2ML', 'Paper Klip (2017)', 1, 'KOTAK', 15000, 1, ''),
('DIST069', '2017-05-02', 'SDMK', 'Kertas A4 (2017)', 3, 'RIM', 36000, 392, ''),
('DIST069', '2017-05-02', 'SDMK', 'Kertas F4 70gr (2017)', 2, 'RIM', 41000, 429, ''),
('DIST069', '2017-05-02', 'SDMK', 'Binder Klip No 111 (2017)', 2, 'KOTAK', 35000, 11, ''),
('DIST069', '2017-05-02', 'SDMK', 'Post it (2017)', 1, 'BUAH', 18000, 39, ''),
('DIST069', '2017-05-02', 'SDMK', 'Odner Folio Setara Gungyu (2017)', 10, 'BUAH', 22000, 120, ''),
('DIST069', '2017-05-02', 'SDMK', 'Pena Signo', 1, 'BUAH', 11500, 0, ''),
('DIST069', '2017-05-02', 'SDMK', 'Pena Signo (2017)', 1, 'BUAH', 21500, 99, ''),
('DIST069', '2017-05-02', 'SDMK', 'Balpoin BP 7 (2017)', 0.166, 'KOTAK', 21500, 18.834, ''),
('DIST069', '2017-05-02', 'SDMK', 'Pensil 2b (2017)', 0.166, 'KOTAK', 32000, 0.668, ''),
('DIST069', '2017-05-02', 'SDMK', 'Lem Kertas Cair (2017)', 3, 'BUAH', 5000, 4, ''),
('DIST069', '2017-05-02', 'SDMK', 'Buku Expedisi isi 100 Lembar', 2, 'BUAH', 8000, 2, ''),
('DIST069', '2017-05-02', 'SDMK', 'Isi Stapler Max 3 (2017)', 1, 'KOTAK', 97000, 24, ''),
('DIST070', '2017-05-05', 'Kesga dan Gizi', 'Kertas A4 (2017)', 2, 'RIM', 36000, 390, ''),
('DIST070', '2017-05-05', 'Kesga dan Gizi', 'Kertas F4 70gr (2017)', 1, 'RIM', 41000, 428, ''),
('DIST070', '2017-05-05', 'Kesga dan Gizi', 'Amplop Coklat', 1, 'BOX', 18000, 28, ''),
('DIST070', '2017-05-05', 'Kesga dan Gizi', 'Binder Klip No 107', 1.5, 'KOTAK', 5000, 6, ''),
('DIST070', '2017-05-05', 'Kesga dan Gizi', 'Lem Kertas Cair (2017)', 1, 'BUAH', 5000, 3, ''),
('DIST070', '2017-05-05', 'Kesga dan Gizi', 'Balpoin BP 7 (2017)', 0.333, 'KOTAK', 21500, 18.501, ''),
('DIST070', '2017-05-05', 'Kesga dan Gizi', 'Odner Folio Setara Gungyu (2017)', 2, 'BUAH', 22000, 118, ''),
('DIST070', '2017-05-05', 'Kesga dan Gizi', 'Cetak Map Dinas Bertulang', 8, 'BUAH', 17000, 196, ''),
('DIST071', '2017-05-08', 'Kesga dan Gizi', 'Kertas A4 (2017)', 3, 'RIM', 36000, 387, ''),
('DIST071', '2017-05-08', 'Kesga dan Gizi', 'Kertas F4 70gr (2017)', 3, 'RIM', 41000, 425, ''),
('DIST071', '2017-05-08', 'Kesga dan Gizi', 'Binder Klip No 105', 1, 'KOTAK', 5000, 11, ''),
('DIST071', '2017-05-08', 'Kesga dan Gizi', 'Lem Kertas Cair (2017)', 1, 'BUAH', 5000, 2, ''),
('DIST071', '2017-05-08', 'Kesga dan Gizi', 'Paper Klip (2017)', 1, 'KOTAK', 15000, 0, ''),
('DIST071', '2017-05-08', 'Kesga dan Gizi', 'Balpoin BP 7 (2017)', 0.501, 'KOTAK', 21500, 18, ''),
('DIST071', '2017-05-08', 'Kesga dan Gizi', 'Cetak Map Dinas Bertulang', 10, 'BUAH', 17000, 186, ''),
('DIST071', '2017-05-08', 'Kesga dan Gizi', 'Odner Folio Setara Gungyu (2017)', 4, 'BUAH', 22000, 114, ''),
('DIST072', '2017-05-09', 'Kasie PTM dan Keswa', 'Cetak Map Dinas Bertulang', 20, 'BUAH', 17000, 166, ''),
('DIST072', '2017-05-09', 'Kasie PTM dan Keswa', 'Stopmap Folio', 0.2, 'KOTAK', 50000, 86.1, ''),
('DIST072', '2017-05-09', 'Kasie PTM dan Keswa', 'Odner Folio Setara Gungyu (2017)', 7, 'BUAH', 22000, 107, ''),
('DIST072', '2017-05-09', 'Kasie PTM dan Keswa', 'Kertas F4 70gr (2017)', 5, 'RIM', 41000, 420, ''),
('DIST072', '2017-05-09', 'Kasie PTM dan Keswa', 'Kertas A4 (2017)', 3, 'RIM', 36000, 384, ''),
('DIST072', '2017-05-09', 'Kasie PTM dan Keswa', 'Steples No 10', 2, 'BUAH', 20000, 7, ''),
('DIST072', '2017-05-09', 'Kasie PTM dan Keswa', 'Isi Stapler Max 3 (2017)', 1, 'KOTAK', 97000, 23, ''),
('DIST072', '2017-05-09', 'Kasie PTM dan Keswa', 'Balpoin BP 7 (2017)', 0.416, 'KOTAK', 21500, 17.584, ''),
('DIST072', '2017-05-09', 'Kasie PTM dan Keswa', 'Binder Klip No 111 (2017)', 1, 'KOTAK', 35000, 10, ''),
('DIST072', '2017-05-09', 'Kasie PTM dan Keswa', 'Cetak Kop Surat Dinas', 1, 'RIM', 59000, 21, ''),
('DIST072', '2017-05-09', 'Kasie PTM dan Keswa', 'Amplop Coklat', 1, 'BOX', 18000, 27, ''),
('DIST072', '2017-05-09', 'Kasie PTM dan Keswa', 'Tissue Kotak (2017)', 2, 'KOTAK', 15000, 298, ''),
('DIST072', '2017-05-09', 'Kasie PTM dan Keswa', 'Buku Agenda Surat Masuk dan Keluar (2017)', 1, 'BUAH', 22000, 19, ''),
('DIST072', '2017-05-09', 'Kasie PTM dan Keswa', 'Cetak Blangko Surat Izin', 1, 'LEMBAR', 5500, 1095, ''),
('DIST073', '2017-05-17', 'Kasie Fasyankes dan Peningkatan Mutu', 'Kertas F4 70gr (2017)', 4, 'RIM', 41000, 416, ''),
('DIST073', '2017-05-17', 'Kasie Fasyankes dan Peningkatan Mutu', 'Kertas A4 (2017)', 2, 'RIM', 36000, 382, ''),
('DIST073', '2017-05-17', 'Kasie Fasyankes dan Peningkatan Mutu', 'Balpoin BP 7 (2017)', 0.416, 'KOTAK', 21500, 17.168, ''),
('DIST073', '2017-05-17', 'Kasie Fasyankes dan Peningkatan Mutu', 'Steples No 10', 1, 'BUAH', 20000, 6, ''),
('DIST073', '2017-05-17', 'Kasie Fasyankes dan Peningkatan Mutu', 'Isi Stapler Max 3 (2017)', 2, 'KOTAK', 97000, 21, ''),
('DIST073', '2017-05-17', 'Kasie Fasyankes dan Peningkatan Mutu', 'Binder Klip No 111 (2017)', 1, 'KOTAK', 35000, 9, ''),
('DIST073', '2017-05-17', 'Kasie Fasyankes dan Peningkatan Mutu', 'Pensil 2b (2017)', 0.668, 'KOTAK', 32000, 0, ''),
('DIST073', '2017-05-17', 'Kasie Fasyankes dan Peningkatan Mutu', 'Cetak Map Dinas Bertulang', 20, 'BUAH', 17000, 146, ''),
('DIST073', '2017-05-17', 'Kasie Fasyankes dan Peningkatan Mutu', 'Stopmap Folio', 0.2, 'KOTAK', 50000, 85.9, ''),
('DIST074', '2017-05-18', 'Bidang Kesga Promkes', 'Cetak Map Dinas Bertulang', 12, 'BUAH', 17000, 134, ''),
('DIST074', '2017-05-18', 'Bidang Kesga Promkes', 'Balpoin BP 7 (2017)', 0.5, 'KOTAK', 21500, 16.668, ''),
('DIST074', '2017-05-18', 'Bidang Kesga Promkes', 'Binder Klip No 155 (2017)', 1, 'KOTAK', 23000, 27, ''),
('DIST074', '2017-05-18', 'Bidang Kesga Promkes', 'Kertas F4 70gr (2017)', 4, 'RIM', 41000, 412, ''),
('DIST075', '2017-05-18', 'KEPEGAWAIAN & UMUM', 'Buku Agenda Surat Masuk dan Keluar (2017)', 2, 'BUAH', 22000, 17, ''),
('DIST075', '2017-05-18', 'KEPEGAWAIAN & UMUM', 'Cetak Lembar Disposisi', 2, 'RIM', 65000, 14, ''),
('DIST075', '2017-05-18', 'KEPEGAWAIAN & UMUM', 'Balpoin BP 7 (2017)', 1, 'KOTAK', 21500, 15.668, ''),
('DIST075', '2017-05-18', 'KEPEGAWAIAN & UMUM', 'Post it (2017)', 2, 'BUAH', 18000, 37, ''),
('DIST075', '2017-05-18', 'KEPEGAWAIAN & UMUM', 'Isi Stapler Max 3 (2017)', 4, 'KOTAK', 97000, 17, ''),
('DIST075', '2017-05-18', 'KEPEGAWAIAN & UMUM', 'Spidol', 3, 'BUAH', 8000, 18, ''),
('DIST075', '2017-05-18', 'KEPEGAWAIAN & UMUM', 'Binder Klip No 111 (2017)', 2, 'KOTAK', 35000, 7, ''),
('DIST075', '2017-05-18', 'KEPEGAWAIAN & UMUM', 'Pena Signo (2017)', 4, 'BUAH', 21500, 95, ''),
('DIST075', '2017-05-18', 'KEPEGAWAIAN & UMUM', 'Kertas F4 70gr (2017)', 10, 'RIM', 41000, 402, ''),
('DIST075', '2017-05-18', 'KEPEGAWAIAN & UMUM', 'Odner Folio Setara Gungyu (2017)', 10, 'BUAH', 22000, 97, ''),
('DIST075', '2017-05-18', 'KEPEGAWAIAN & UMUM', 'Binder Klip No 155 (2017)', 1, 'KOTAK', 23000, 26, ''),
('DIST075', '2017-05-18', 'KEPEGAWAIAN & UMUM', 'Kertas A4 (2017)', 5, 'RIM', 36000, 377, ''),
('DIST075', '2017-05-18', 'KEPEGAWAIAN & UMUM', 'Ember Plastik', 2, 'BUAH', 54000, 4, ''),
('DIST075', '2017-05-18', 'KEPEGAWAIAN & UMUM', 'Gayung Air Plastik', 2, 'BUAH', 8300, 4, ''),
('DIST075', '2017-05-18', 'KEPEGAWAIAN & UMUM', 'Bahan Kimia untuk Pembersih', 5, 'BOTOL', 29900, 1, ''),
('DIST075', '2017-05-18', 'KEPEGAWAIAN & UMUM', 'Kemoceng', 2, 'BUAH', 28900, 3, ''),
('DIST075', '2017-05-18', 'KEPEGAWAIAN & UMUM', 'Sapu Lidi Bertangkai', 2, 'BUAH', 17500, 4, ''),
('DIST075', '2017-05-18', 'KEPEGAWAIAN & UMUM', 'Tong Sampah Tutup', 6, 'BUAH', 110000, 11, ''),
('DIST075', '2017-05-18', 'KEPEGAWAIAN & UMUM', 'Pel Lantai Bertangkai', 2, 'BUAH', 75000, 10, ''),
('DIST075', '2017-05-18', 'KEPEGAWAIAN & UMUM', 'Kapur Barus Berwarna', 4, 'BUNGKUS', 25000, 6, ''),
('DIST075', '2017-05-18', 'KEPEGAWAIAN & UMUM', 'Serok Sampah', 2, 'BUAH', 26500, 0, ''),
('DIST075', '2017-05-18', 'KEPEGAWAIAN & UMUM', 'Pengharum Ruangan', 4, 'BOTOL', 36800, 0, ''),
('DIST075', '2017-05-18', 'KEPEGAWAIAN & UMUM', 'Pengharum Ruangan Elektrik', 2, 'BOTOL', 125000, 46, ''),
('DIST075', '2017-05-18', 'KEPEGAWAIAN & UMUM', 'Cairan Pembersih Kaca', 2, 'BUAH', 27900, 6, ''),
('DIST075', '2017-05-18', 'KEPEGAWAIAN & UMUM', 'Kain Lap Piring Kotak Kotak', 2, 'BUAH', 12000, 22, ''),
('DIST075', '2017-05-18', 'KEPEGAWAIAN & UMUM', 'Sabun Pencuci Piring', 2, 'BKS', 17000, 28, ''),
('DIST075', '2017-05-18', 'KEPEGAWAIAN & UMUM', 'Sabun Cuci Tangan', 3, 'BOTOL', 25000, 7, ''),
('DIST075', '2017-05-18', 'KEPEGAWAIAN & UMUM', 'Sikat WC Bertangkai', 2, 'BUAH', 59900, 0, ''),
('DIST075', '2017-05-18', 'KEPEGAWAIAN & UMUM', 'Refil Pembersih Lantai', 2, 'BUAH', 12500, 7, ''),
('DIST076', '2017-05-18', '', 'Balpoin BP 7 (2017)', 0.166, 'KOTAK', 21500, 15.502, ''),
('DIST077', '2017-05-19', 'Kefarmasian, Alkes dan PKRT', 'Kertas A4 (2017)', 1, 'RIM', 36000, 376, ''),
('DIST077', '2017-05-19', 'Kefarmasian, Alkes dan PKRT', 'Kertas F4 70gr (2017)', 3, 'RIM', 41000, 399, ''),
('DIST077', '2017-05-19', 'Kefarmasian, Alkes dan PKRT', 'Binder Klip No 111 (2017)', 1, 'KOTAK', 35000, 6, ''),
('DIST077', '2017-05-19', 'Kefarmasian, Alkes dan PKRT', 'Cetak Amplop Dinas Ukuran Folio', 100, 'BUAH', 5500, 72, ''),
('DIST077', '2017-05-19', 'Kefarmasian, Alkes dan PKRT', 'Amplop Coklat F4 (2017)', 1, 'PACK', 42000, 4, ''),
('DIST077', '2017-05-19', 'Kefarmasian, Alkes dan PKRT', 'Lem Kertas Cair (2017)', 1, 'BUAH', 5000, 1, ''),
('DIST077', '2017-05-19', 'Kefarmasian, Alkes dan PKRT', 'Pena Signo (2017)', 1, 'BUAH', 21500, 94, ''),
('DIST077', '2017-05-19', 'Kefarmasian, Alkes dan PKRT', 'Post it (2017)', 3, 'BUAH', 18000, 34, ''),
('DIST077', '2017-05-19', 'Kefarmasian, Alkes dan PKRT', 'Stopmap Folio', 1, 'KOTAK', 50000, 84.9, ''),
('DIST077', '2017-05-19', 'Kefarmasian, Alkes dan PKRT', 'Steples No 10', 2, 'BUAH', 20000, 4, ''),
('DIST077', '2017-05-19', 'Kefarmasian, Alkes dan PKRT', 'Penghapus Pensil (2017)', 5, 'BUAH', 4000, 7, ''),
('DIST077', '2017-05-19', 'Kefarmasian, Alkes dan PKRT', 'Gunting', 1, 'BUAH', 11000, 0, ''),
('DIST077', '2017-05-19', 'Kefarmasian, Alkes dan PKRT', 'Tinta Stampel', 1, 'BUAH', 34500, 3, ''),
('DIST078', '2017-05-26', 'Bidang Kesga Promkes', 'Cetak Map Dinas Bertulang', 12, 'BUAH', 17000, 122, ''),
('DIST078', '2017-05-26', 'Bidang Kesga Promkes', 'Cetak Kwitansi NCR', 3, 'BUKU', 48000, 16, ''),
('DIST078', '2017-05-26', 'Bidang Kesga Promkes', 'Balpoin BP 7 (2017)', 0.333, 'KOTAK', 21500, 15.169, ''),
('DIST078', '2017-05-26', 'Bidang Kesga Promkes', 'Binder Klip No 111 (2017)', 2, 'KOTAK', 35000, 4, ''),
('DIST078', '2017-05-26', 'Bidang Kesga Promkes', 'Kertas F4 70gr (2017)', 4, 'RIM', 41000, 395, ''),
('DIST079', '2017-05-29', 'SDMK', 'Kertas A4 (2017)', 2, 'RIM', 36000, 374, ''),
('DIST079', '2017-05-29', 'SDMK', 'Kertas F4 70gr (2017)', 2, 'RIM', 41000, 393, ''),
('DIST079', '2017-05-29', 'SDMK', 'Binder Klip No 105', 2, 'KOTAK', 5000, 9, ''),
('DIST079', '2017-05-29', 'SDMK', 'Post it (2017)', 1, 'BUAH', 18000, 33, ''),
('DIST079', '2017-05-29', 'SDMK', 'Odner Folio Setara Gungyu (2017)', 4, 'BUAH', 22000, 93, ''),
('DIST079', '2017-05-29', 'SDMK', 'Balpoin BP 7 (2017)', 0.469, 'KOTAK', 21500, 14.7, ''),
('DIST079', '2017-05-29', 'SDMK', 'Lem Kertas Cair (2017)', 1, 'BUAH', 5000, 0, '');

-- --------------------------------------------------------

--
-- Struktur dari tabel `dtl_pembelian`
--

CREATE TABLE IF NOT EXISTS `dtl_pembelian` (
  `id_pembelian` varchar(50) NOT NULL,
  `id_nota` varchar(50) NOT NULL,
  `tgl_pem` date NOT NULL,
  `supplier` varchar(50) NOT NULL,
  `nama_barang` varchar(500) NOT NULL,
  `satuan` varchar(50) NOT NULL,
  `harga_satuan` float NOT NULL,
  `jumlah` float NOT NULL,
  `sisa_stok` float NOT NULL,
  KEY `id_pembelian` (`id_pembelian`),
  KEY `nama_barang` (`nama_barang`)
) ENGINE=InnoDB DEFAULT CHARSET=latin1;

--
-- Dumping data untuk tabel `dtl_pembelian`
--

INSERT INTO `dtl_pembelian` (`id_pembelian`, `id_nota`, `tgl_pem`, `supplier`, `nama_barang`, `satuan`, `harga_satuan`, `jumlah`, `sisa_stok`) VALUES
('PEMB01', '', '2017-01-01', 'CV NYOKA MANDIRI', 'Keranjang Sampah', 'BUAH', 40000, 20, 26),
('PEMB01', '', '2017-01-01', 'CV NYOKA MANDIRI', 'Sapu Plastik Berwarna (2017)', 'BUAH', 30000, 16, 16),
('PEMB01', '', '2017-01-01', 'CV NYOKA MANDIRI', 'Refil Sabun Cuci Tangan', 'BKS', 25000, 40, 40),
('PEMB01', '', '2017-01-01', 'CV NYOKA MANDIRI', 'Keset Kaki Karet Besar', 'BUAH', 200000, 6, 12),
('PEMB01', '', '2017-01-01', 'CV NYOKA MANDIRI', 'Bahan Kimia untuk Pembersih (2017)', 'BOTOL', 29000, 84, 84),
('PEMB01', '', '2017-01-01', 'CV NYOKA MANDIRI', 'Refil Pembersih Lantai (2017)', 'PCS', 12000, 200, 200),
('PEMB01', '', '2017-01-01', 'CV NYOKA MANDIRI', 'Sapu Lidi Bertangkai (2017)', 'BUAH', 15000, 12, 12),
('PEMB01', '', '2017-01-01', 'CV NYOKA MANDIRI', 'Pengharum Kamar Mandi Gantung', 'BUAH', 22000, 84, 84),
('PEMB01', '', '2017-01-01', 'CV NYOKA MANDIRI', 'Sikat WC Bertangkai (2017)', 'BUAH', 50000, 8, 8),
('PEMB01', '', '2017-01-01', 'CV NYOKA MANDIRI', 'Serok Sampah (2017)', 'BUAH', 25000, 6, 6),
('PEMB01', '', '2017-01-01', 'CV NYOKA MANDIRI', 'Cairan Pembersih Kaca (2017)', 'BUAH', 20000, 60, 60),
('PEMB01', '', '2017-01-01', 'CV NYOKA MANDIRI', 'Tong Sampah Tutup', 'BUAH', 110000, 12, 17),
('PEMB01', '', '2017-01-01', 'CV NYOKA MANDIRI', 'Keset Kaki Kecil', 'BUAH', 43000, 15, 15),
('PEMB01', '', '2017-01-01', 'CV NYOKA MANDIRI', 'Kain Lap Piring Kotak Kotak', 'BUAH', 12000, 24, 24),
('PEMB01', '', '2017-01-01', 'CV NYOKA MANDIRI', 'Ember Plastik (2017)', 'BUAH', 53000, 12, 12),
('PEMB01', '', '2017-01-01', 'CV NYOKA MANDIRI', 'Gayung Air Plastik (2017)', 'BUAH', 8000, 12, 12),
('PEMB01', '', '2017-01-01', 'CV NYOKA MANDIRI', 'Kantong Sampah Hitam Besar', 'PACK', 45000, 60, 64),
('PEMB01', '', '2017-01-01', 'CV NYOKA MANDIRI', 'Kantong Sampah Merah Besar', 'PACK', 30000, 60, 66),
('PEMB01', '', '2017-01-01', 'CV NYOKA MANDIRI', 'Kantong Sampah Merah Sedang', 'PACK', 25000, 100, 111),
('PEMB01', '', '2017-01-01', 'CV NYOKA MANDIRI', 'Detergen (2017)', 'KG', 21000, 24, 24),
('PEMB01', '', '2017-01-01', 'CV NYOKA MANDIRI', 'Bayclin', 'BOTOL', 18000, 12, 12),
('PEMB01', '', '2017-01-01', 'CV NYOKA MANDIRI', 'Tissue Gulung', 'ROLL', 21000, 200, 200),
('PEMB01', '', '2017-01-01', 'CV NYOKA MANDIRI', 'Pengharum Ruangan Manual/Erasol', 'BOTOL', 37000, 36, 36),
('PEMB01', '', '2017-01-01', 'CV NYOKA MANDIRI', 'Sabun Pencuci Piring', 'BKS', 17000, 30, 30),
('PEMB01', '', '2017-01-01', 'CV NYOKA MANDIRI', 'Pengharum Ruangan Elektrik', 'BOTOL', 125000, 48, 48),
('PEMB01', '', '2017-01-01', 'CV NYOKA MANDIRI', 'Pembasmi Serangga', 'BOTOL', 32000, 36, 36),
('PEMB01', '', '2017-01-01', 'CV NYOKA MANDIRI', 'Kapur Barus Berwarna (2017)', 'BKS', 24000, 50, 50),
('PEMB01', '', '2017-01-01', 'CV NYOKA MANDIRI', 'Kemoceng (2017)', 'BUAH', 25000, 15, 15),
('PEMB01', '', '2017-01-01', 'CV NYOKA MANDIRI', 'Tissue Kotak (2017)', 'KOTAK', 15000, 300, 300),
('PEMB01', '', '2017-01-01', 'CV NYOKA MANDIRI', 'Pel Lantai Bertangkai', 'BUAH', 75000, 12, 12),
('PEMB02', '', '2017-01-02', 'CV MEDIA INSANI MANDIRI', 'Cetak Kwitansi NCR (2017)', 'BUKU', 40000, 300, 300),
('PEMB02', '', '2017-01-02', 'CV MEDIA INSANI MANDIRI', 'Cetak Blangko Surat Izin', 'LEMBAR', 5500, 1000, 1100),
('PEMB02', '', '2017-01-02', 'CV MEDIA INSANI MANDIRI', 'Cetak Karcis Retribusi (2017)', 'BUKU', 14000, 500, 500),
('PEMB02', '', '2017-01-02', 'CV MEDIA INSANI MANDIRI', 'Cetak Blangko Retribusi Yankes (2017)', 'BLOK', 40000, 1000, 1000),
('PEMB02', '', '2017-01-02', 'CV MEDIA INSANI MANDIRI', 'Retribusi Pelayanan dari Puskesmas', 'BUKU', 40000, 300, 300),
('PEMB02', '', '2017-01-02', 'CV MEDIA INSANI MANDIRI', 'Cetak Amplop Dinas 10 x 25cm', 'BUAH', 2000, 500, 600),
('PEMB02', '', '2017-01-02', 'CV MEDIA INSANI MANDIRI', 'Cetak Amplop Ukuran Folio (2017)', 'BUAH', 6000, 500, 500),
('PEMB02', '', '2017-01-02', 'CV MEDIA INSANI MANDIRI', 'Cetak Kop Surat Dinas', 'RIM', 59000, 20, 26),
('PEMB02', '', '2017-01-02', 'CV MEDIA INSANI MANDIRI', 'Cetak Lembar Disposisi', 'RIM', 65000, 15, 20),
('PEMB02', '', '2017-01-02', 'CV MEDIA INSANI MANDIRI', 'Cetak Blangko SPPD (2017)', 'RIM', 90000, 2, 2),
('PEMB02', '', '2017-01-02', 'CV MEDIA INSANI MANDIRI', 'Cetak Map Dinas Bertulang', 'BUAH', 17000, 350, 525),
('PEMB03', '', '2017-01-03', 'CV MEDIA INSANI MANDIRI', 'Kertas F4 70gr (2017)', 'RIM', 41000, 500, 500),
('PEMB03', '', '2017-01-03', 'CV MEDIA INSANI MANDIRI', 'Steples No 3 (2017)', 'BUAH', 32000, 10, 10),
('PEMB03', '', '2017-01-03', 'CV MEDIA INSANI MANDIRI', 'Buku Expedisi isi 100 Lembar', 'BUAH', 8000, 10, 18),
('PEMB03', '', '2017-01-03', 'CV MEDIA INSANI MANDIRI', 'Isi Stapler Max 10 (2017)', 'KOTAK', 40000, 80, 80),
('PEMB03', '', '2017-01-03', 'CV MEDIA INSANI MANDIRI', 'Isi Stapler Max 3 (2017)', 'KOTAK', 97000, 25, 25),
('PEMB03', '', '2017-01-03', 'CV MEDIA INSANI MANDIRI', 'Balpoin BP 7 (2017)', 'KOTAK', 21500, 30, 30),
('PEMB03', '', '2017-01-03', 'CV MEDIA INSANI MANDIRI', 'Pena Signo (2017)', 'BUAH', 21500, 100, 100),
('PEMB03', '', '2017-01-03', 'CV MEDIA INSANI MANDIRI', 'Cartred HP HP Laserjet Q 26 12A (2017)', 'BUAH', 950000, 2, 2),
('PEMB03', '', '2017-01-03', 'CV MEDIA INSANI MANDIRI', 'Cartridge HP Laserjet Ce 285A (2017)', 'BUAH', 900000, 2, 2),
('PEMB03', '', '2017-01-03', 'CV MEDIA INSANI MANDIRI', 'Kertas A4 (2017)', 'RIM', 36000, 400, 400),
('PEMB03', '', '2017-01-03', 'CV MEDIA INSANI MANDIRI', 'Tinta Stampel', 'BUAH', 34500, 2, 4),
('PEMB03', '', '2017-01-03', 'CV MEDIA INSANI MANDIRI', 'Bantalan Cap (2017)', 'BUAH', 21900, 2, 2),
('PEMB03', '', '2017-01-03', 'CV MEDIA INSANI MANDIRI', 'Refil Toner Laserjet', 'BUAH', 170000, 250, 350),
('PEMB03', '', '2017-01-03', 'CV MEDIA INSANI MANDIRI', 'Paper Klip (2017)', 'KOTAK', 15000, 30, 30),
('PEMB03', '', '2017-01-03', 'CV MEDIA INSANI MANDIRI', 'Spidol', 'BUAH', 8000, 30, 40),
('PEMB03', '', '2017-01-03', 'CV MEDIA INSANI MANDIRI', 'Kalkulator', 'BUAH', 70000, 3, 3),
('PEMB03', '', '2017-01-03', 'CV MEDIA INSANI MANDIRI', 'Lem Kertas Cair (2017)', 'BUAH', 5000, 30, 30),
('PEMB03', '', '2017-01-03', 'CV MEDIA INSANI MANDIRI', 'Post it (2017)', 'BUAH', 18000, 55, 55),
('PEMB03', '', '2017-01-03', 'CV MEDIA INSANI MANDIRI', 'Pensil 2b (2017)', 'KOTAK', 32000, 5, 5),
('PEMB03', '', '2017-01-03', 'CV MEDIA INSANI MANDIRI', 'Odner Folio Setara Gungyu (2017)', 'BUAH', 22000, 200, 200),
('PEMB03', '', '2017-01-03', 'CV MEDIA INSANI MANDIRI', 'Peraut Pensil', 'BUAH', 25000, 6, 6),
('PEMB03', '', '2017-01-03', 'CV MEDIA INSANI MANDIRI', 'Penghapus Pensil (2017)', 'BUAH', 4000, 15, 15),
('PEMB03', '', '2017-01-03', 'CV MEDIA INSANI MANDIRI', 'Stampel Instansi', 'BUAH', 140000, 6, 6),
('PEMB03', '', '2017-01-03', 'CV MEDIA INSANI MANDIRI', 'Stabilo', 'BUAH', 8000, 30, 42),
('PEMB03', '', '2017-01-03', 'CV MEDIA INSANI MANDIRI', 'Amplop Coklat', 'BOX', 18000, 30, 38),
('PEMB03', '', '2017-01-03', 'CV MEDIA INSANI MANDIRI', 'Amplop Coklat F4 (2017)', 'PACK', 42000, 5, 5),
('PEMB03', '', '2017-01-03', 'CV MEDIA INSANI MANDIRI', 'Isi Pisau Cutter', 'KOTAK', 57000, 3, 6),
('PEMB03', '', '2017-01-03', 'CV MEDIA INSANI MANDIRI', 'Stopmap Folio', 'KOTAK', 50000, 80, 100),
('PEMB03', '', '2017-01-03', 'CV MEDIA INSANI MANDIRI', 'Binder Klip No 155 (2017)', 'KOTAK', 23000, 30, 30),
('PEMB03', '', '2017-01-03', 'CV MEDIA INSANI MANDIRI', 'Binder Klip No 111 (2017)', 'KOTAK', 35000, 30, 30),
('PEMB03', '', '2017-01-03', 'CV MEDIA INSANI MANDIRI', 'Binder Klip No 107 (2017)', 'KOTAK', 15000, 30, 30),
('PEMB03', '', '2017-01-03', 'CV MEDIA INSANI MANDIRI', 'Binder Klip No 105 (2017)', 'KOTAK', 21000, 30, 30),
('PEMB03', '', '2017-01-03', 'CV MEDIA INSANI MANDIRI', 'Steples No 10', 'BUAH', 20000, 40, 50),
('PEMB03', '', '2017-01-03', 'CV MEDIA INSANI MANDIRI', 'Buku Folio Isi 100 Lembar (2017)', 'BUAH', 18000, 20, 20),
('PEMB03', '', '2017-01-03', 'CV MEDIA INSANI MANDIRI', 'Buku Agenda Surat Masuk dan Keluar (2017)', 'BUAH', 22000, 30, 30);

-- --------------------------------------------------------

--
-- Struktur dari tabel `kartustok`
--

CREATE TABLE IF NOT EXISTS `kartustok` (
  `id_distribusi` varchar(50) NOT NULL,
  `tanggal` date NOT NULL,
  `nama` varchar(500) NOT NULL,
  `nama_barang` varchar(500) NOT NULL,
  `satuan` varchar(50) NOT NULL,
  `harga_satuan` float NOT NULL,
  `stok_awal` float NOT NULL,
  `stok_akhir` float NOT NULL,
  `barang_masuk` float DEFAULT NULL,
  `barang_keluar` float DEFAULT NULL,
  `stok_sisa` float NOT NULL,
  `keterangan` varchar(500) NOT NULL
) ENGINE=InnoDB DEFAULT CHARSET=latin1;

--
-- Dumping data untuk tabel `kartustok`
--

INSERT INTO `kartustok` (`id_distribusi`, `tanggal`, `nama`, `nama_barang`, `satuan`, `harga_satuan`, `stok_awal`, `stok_akhir`, `barang_masuk`, `barang_keluar`, `stok_sisa`, `keterangan`) VALUES
('PEMB01', '2017-01-01', 'CV NYOKA MANDIRI', 'Keranjang Sampah', 'BUAH', 40000, 6, 6, 20, 0, 26, ''),
('PEMB01', '2017-01-01', 'CV NYOKA MANDIRI', 'Sapu Plastik Berwarna (2017)', 'BUAH', 30000, 0, 0, 16, 0, 16, ''),
('PEMB01', '2017-01-01', 'CV NYOKA MANDIRI', 'Refil Sabun Cuci Tangan', 'BKS', 25000, 0, 0, 40, 0, 40, ''),
('PEMB01', '2017-01-01', 'CV NYOKA MANDIRI', 'Keset Kaki Karet Besar', 'BUAH', 200000, 6, 6, 6, 0, 12, ''),
('PEMB01', '2017-01-01', 'CV NYOKA MANDIRI', 'Bahan Kimia untuk Pembersih (2017)', 'BOTOL', 29000, 0, 0, 84, 0, 84, ''),
('PEMB01', '2017-01-01', 'CV NYOKA MANDIRI', 'Refil Pembersih Lantai (2017)', 'PCS', 12000, 0, 0, 200, 0, 200, ''),
('PEMB01', '2017-01-01', 'CV NYOKA MANDIRI', 'Sapu Lidi Bertangkai (2017)', 'BUAH', 15000, 0, 0, 12, 0, 12, ''),
('PEMB01', '2017-01-01', 'CV NYOKA MANDIRI', 'Pengharum Kamar Mandi Gantung', 'BUAH', 22000, 0, 0, 84, 0, 84, ''),
('PEMB01', '2017-01-01', 'CV NYOKA MANDIRI', 'Sikat WC Bertangkai (2017)', 'BUAH', 50000, 0, 0, 8, 0, 8, ''),
('PEMB01', '2017-01-01', 'CV NYOKA MANDIRI', 'Serok Sampah (2017)', 'BUAH', 25000, 0, 0, 6, 0, 6, ''),
('PEMB01', '2017-01-01', 'CV NYOKA MANDIRI', 'Cairan Pembersih Kaca (2017)', 'BUAH', 20000, 0, 0, 60, 0, 60, ''),
('PEMB01', '2017-01-01', 'CV NYOKA MANDIRI', 'Tong Sampah Tutup', 'BUAH', 110000, 5, 5, 12, 0, 17, ''),
('PEMB01', '2017-01-01', 'CV NYOKA MANDIRI', 'Keset Kaki Kecil', 'BUAH', 43000, 0, 0, 15, 0, 15, ''),
('PEMB01', '2017-01-01', 'CV NYOKA MANDIRI', 'Kain Lap Piring Kotak Kotak', 'BUAH', 12000, 0, 0, 24, 0, 24, ''),
('PEMB01', '2017-01-01', 'CV NYOKA MANDIRI', 'Ember Plastik (2017)', 'BUAH', 53000, 0, 0, 12, 0, 12, ''),
('PEMB01', '2017-01-01', 'CV NYOKA MANDIRI', 'Gayung Air Plastik (2017)', 'BUAH', 8000, 0, 0, 12, 0, 12, ''),
('PEMB01', '2017-01-01', 'CV NYOKA MANDIRI', 'Kantong Sampah Hitam Besar', 'PACK', 45000, 4, 4, 60, 0, 64, ''),
('PEMB01', '2017-01-01', 'CV NYOKA MANDIRI', 'Kantong Sampah Merah Besar', 'PACK', 30000, 6, 6, 60, 0, 66, ''),
('PEMB01', '2017-01-01', 'CV NYOKA MANDIRI', 'Kantong Sampah Merah Sedang', 'PACK', 25000, 11, 11, 100, 0, 111, ''),
('PEMB01', '2017-01-01', 'CV NYOKA MANDIRI', 'Detergen (2017)', 'KG', 21000, 0, 0, 24, 0, 24, ''),
('PEMB01', '2017-01-01', 'CV NYOKA MANDIRI', 'Bayclin', 'BOTOL', 18000, 0, 0, 12, 0, 12, ''),
('PEMB01', '2017-01-01', 'CV NYOKA MANDIRI', 'Tissue Gulung', 'ROLL', 21000, 0, 0, 200, 0, 200, ''),
('PEMB01', '2017-01-01', 'CV NYOKA MANDIRI', 'Pengharum Ruangan Manual/Erasol', 'BOTOL', 37000, 0, 0, 36, 0, 36, ''),
('PEMB01', '2017-01-01', 'CV NYOKA MANDIRI', 'Sabun Pencuci Piring', 'BKS', 17000, 0, 0, 30, 0, 30, ''),
('PEMB01', '2017-01-01', 'CV NYOKA MANDIRI', 'Pengharum Ruangan Elektrik', 'BOTOL', 125000, 0, 0, 48, 0, 48, ''),
('PEMB01', '2017-01-01', 'CV NYOKA MANDIRI', 'Pembasmi Serangga', 'BOTOL', 32000, 0, 0, 36, 0, 36, ''),
('PEMB01', '2017-01-01', 'CV NYOKA MANDIRI', 'Kapur Barus Berwarna (2017)', 'BKS', 24000, 0, 0, 50, 0, 50, ''),
('PEMB01', '2017-01-01', 'CV NYOKA MANDIRI', 'Kemoceng (2017)', 'BUAH', 25000, 0, 0, 15, 0, 15, ''),
('PEMB01', '2017-01-01', 'CV NYOKA MANDIRI', 'Tissue Kotak (2017)', 'KOTAK', 15000, 0, 0, 300, 0, 300, ''),
('PEMB01', '2017-01-01', 'CV NYOKA MANDIRI', 'Pel Lantai Bertangkai', 'BUAH', 75000, 0, 0, 12, 0, 12, ''),
('PEMB02', '2017-01-02', 'CV MEDIA INSANI MANDIRI', 'Cetak Kwitansi NCR (2017)', 'BUKU', 40000, 0, 0, 300, 0, 300, ''),
('PEMB02', '2017-01-02', 'CV MEDIA INSANI MANDIRI', 'Cetak Blangko Surat Izin', 'LEMBAR', 5500, 100, 100, 1000, 0, 1100, ''),
('PEMB02', '2017-01-02', 'CV MEDIA INSANI MANDIRI', 'Cetak Karcis Retribusi (2017)', 'BUKU', 14000, 0, 0, 500, 0, 500, ''),
('PEMB02', '2017-01-02', 'CV MEDIA INSANI MANDIRI', 'Cetak Blangko Retribusi Yankes (2017)', 'BLOK', 40000, 0, 0, 1000, 0, 1000, ''),
('PEMB02', '2017-01-02', 'CV MEDIA INSANI MANDIRI', 'Retribusi Pelayanan dari Puskesmas', 'BUKU', 40000, 0, 0, 300, 0, 300, ''),
('PEMB02', '2017-01-02', 'CV MEDIA INSANI MANDIRI', 'Cetak Amplop Dinas 10 x 25cm', 'BUAH', 2000, 100, 100, 500, 0, 600, ''),
('PEMB02', '2017-01-02', 'CV MEDIA INSANI MANDIRI', 'Cetak Amplop Ukuran Folio (2017)', 'BUAH', 6000, 0, 0, 500, 0, 500, ''),
('PEMB02', '2017-01-02', 'CV MEDIA INSANI MANDIRI', 'Cetak Kop Surat Dinas', 'RIM', 59000, 6, 6, 20, 0, 26, ''),
('PEMB02', '2017-01-02', 'CV MEDIA INSANI MANDIRI', 'Cetak Lembar Disposisi', 'RIM', 65000, 5, 5, 15, 0, 20, ''),
('PEMB02', '2017-01-02', 'CV MEDIA INSANI MANDIRI', 'Cetak Blangko SPPD (2017)', 'RIM', 90000, 0, 0, 2, 0, 2, ''),
('PEMB02', '2017-01-02', 'CV MEDIA INSANI MANDIRI', 'Cetak Map Dinas Bertulang', 'BUAH', 17000, 175, 175, 350, 0, 525, ''),
('PEMB03', '2017-01-03', 'CV MEDIA INSANI MANDIRI', 'Kertas F4 70gr (2017)', 'RIM', 41000, 0, 0, 500, 0, 500, ''),
('PEMB03', '2017-01-03', 'CV MEDIA INSANI MANDIRI', 'Steples No 3 (2017)', 'BUAH', 32000, 0, 0, 10, 0, 10, ''),
('PEMB03', '2017-01-03', 'CV MEDIA INSANI MANDIRI', 'Buku Expedisi isi 100 Lembar', 'BUAH', 8000, 8, 8, 10, 0, 18, ''),
('PEMB03', '2017-01-03', 'CV MEDIA INSANI MANDIRI', 'Isi Stapler Max 10 (2017)', 'KOTAK', 40000, 0, 0, 80, 0, 80, ''),
('PEMB03', '2017-01-03', 'CV MEDIA INSANI MANDIRI', 'Isi Stapler Max 3 (2017)', 'KOTAK', 97000, 0, 0, 25, 0, 25, ''),
('PEMB03', '2017-01-03', 'CV MEDIA INSANI MANDIRI', 'Balpoin BP 7 (2017)', 'KOTAK', 21500, 0, 0, 30, 0, 30, ''),
('PEMB03', '2017-01-03', 'CV MEDIA INSANI MANDIRI', 'Pena Signo (2017)', 'BUAH', 21500, 0, 0, 100, 0, 100, ''),
('PEMB03', '2017-01-03', 'CV MEDIA INSANI MANDIRI', 'Cartred HP HP Laserjet Q 26 12A (2017)', 'BUAH', 950000, 0, 0, 2, 0, 2, ''),
('PEMB03', '2017-01-03', 'CV MEDIA INSANI MANDIRI', 'Cartridge HP Laserjet Ce 285A (2017)', 'BUAH', 900000, 0, 0, 2, 0, 2, ''),
('PEMB03', '2017-01-03', 'CV MEDIA INSANI MANDIRI', 'Kertas A4 (2017)', 'RIM', 36000, 0, 0, 400, 0, 400, ''),
('PEMB03', '2017-01-03', 'CV MEDIA INSANI MANDIRI', 'Tinta Stampel', 'BUAH', 34500, 2, 2, 2, 0, 4, ''),
('PEMB03', '2017-01-03', 'CV MEDIA INSANI MANDIRI', 'Bantalan Cap (2017)', 'BUAH', 21900, 0, 0, 2, 0, 2, ''),
('PEMB03', '2017-01-03', 'CV MEDIA INSANI MANDIRI', 'Refil Toner Laserjet', 'BUAH', 170000, 100, 100, 250, 0, 350, ''),
('PEMB03', '2017-01-03', 'CV MEDIA INSANI MANDIRI', 'Paper Klip (2017)', 'KOTAK', 15000, 0, 0, 30, 0, 30, ''),
('PEMB03', '2017-01-03', 'CV MEDIA INSANI MANDIRI', 'Spidol', 'BUAH', 8000, 10, 10, 30, 0, 40, ''),
('PEMB03', '2017-01-03', 'CV MEDIA INSANI MANDIRI', 'Kalkulator', 'BUAH', 70000, 0, 0, 3, 0, 3, ''),
('PEMB03', '2017-01-03', 'CV MEDIA INSANI MANDIRI', 'Lem Kertas Cair (2017)', 'BUAH', 5000, 0, 0, 30, 0, 30, ''),
('PEMB03', '2017-01-03', 'CV MEDIA INSANI MANDIRI', 'Post it (2017)', 'BUAH', 18000, 0, 0, 55, 0, 55, ''),
('PEMB03', '2017-01-03', 'CV MEDIA INSANI MANDIRI', 'Pensil 2b (2017)', 'BUAH', 32000, 0, 0, 5, 0, 5, ''),
('PEMB03', '2017-01-03', 'CV MEDIA INSANI MANDIRI', 'Odner Folio Setara Gungyu (2017)', 'BUAH', 22000, 0, 0, 200, 0, 200, ''),
('PEMB03', '2017-01-03', 'CV MEDIA INSANI MANDIRI', 'Peraut Pensil', 'BUAH', 25000, 0, 0, 6, 0, 6, ''),
('PEMB03', '2017-01-03', 'CV MEDIA INSANI MANDIRI', 'Penghapus Pensil (2017)', 'BUAH', 4000, 0, 0, 15, 0, 15, ''),
('PEMB03', '2017-01-03', 'CV MEDIA INSANI MANDIRI', 'Stampel Instansi', 'BUAH', 140000, 0, 0, 6, 0, 6, ''),
('PEMB03', '2017-01-03', 'CV MEDIA INSANI MANDIRI', 'Stabilo', 'BUAH', 8000, 12, 12, 30, 0, 42, ''),
('PEMB03', '2017-01-03', 'CV MEDIA INSANI MANDIRI', 'Amplop Coklat', 'BOX', 18000, 8, 8, 30, 0, 38, ''),
('PEMB03', '2017-01-03', 'CV MEDIA INSANI MANDIRI', 'Amplop Coklat F4 (2017)', 'PACK', 42000, 0, 0, 5, 0, 5, ''),
('PEMB03', '2017-01-03', 'CV MEDIA INSANI MANDIRI', 'Isi Pisau Cutter', 'KOTAK', 57000, 3, 3, 3, 0, 6, ''),
('PEMB03', '2017-01-03', 'CV MEDIA INSANI MANDIRI', 'Stopmap Folio', 'KOTAK', 50000, 20, 20, 80, 0, 100, ''),
('PEMB03', '2017-01-03', 'CV MEDIA INSANI MANDIRI', 'Binder Klip No 155 (2017)', 'KOTAK', 23000, 0, 0, 30, 0, 30, ''),
('PEMB03', '2017-01-03', 'CV MEDIA INSANI MANDIRI', 'Binder Klip No 111 (2017)', 'KOTAK', 35000, 0, 0, 30, 0, 30, ''),
('PEMB03', '2017-01-03', 'CV MEDIA INSANI MANDIRI', 'Binder Klip No 107 (2017)', 'KOTAK', 15000, 0, 0, 30, 0, 30, ''),
('PEMB03', '2017-01-03', 'CV MEDIA INSANI MANDIRI', 'Binder Klip No 105 (2017)', 'KOTAK', 21000, 0, 0, 30, 0, 30, ''),
('PEMB03', '2017-01-03', 'CV MEDIA INSANI MANDIRI', 'Steples No 10', 'BUAH', 20000, 10, 10, 40, 0, 50, ''),
('PEMB03', '2017-01-03', 'CV MEDIA INSANI MANDIRI', 'Buku Folio Isi 100 Lembar (2017)', 'BUAH', 18000, 0, 0, 20, 0, 20, ''),
('PEMB03', '2017-01-03', 'CV MEDIA INSANI MANDIRI', 'Buku Agenda Surat Masuk dan Keluar (2017)', 'BUAH', 22000, 0, 0, 30, 0, 30, ''),
('DIST01', '2017-01-16', 'Bidang P2 & PL', 'Cetak Amplop Dinas 10 x 25cm', 'BUAH', 2000, 100, 600, 0, 50, 550, ''),
('DIST01', '2017-01-16', 'Bidang P2 & PL', 'Cetak Amplop Dinas Ukuran Folio', 'BUAH', 5500, 600, 600, 0, 12, 588, ''),
('DIST01', '2017-01-16', 'Bidang P2 & PL', 'Kertas A4', 'RIM', 39000, 93, 93, 0, 1, 92, ''),
('DIST01', '2017-01-16', 'Bidang P2 & PL', 'Kertas F4 70gr', 'RIM', 40500, 60, 60, 0, 1, 59, ''),
('DIST01', '2017-01-16', 'Bidang P2 & PL', 'Isi Stapler Max 10', 'KOTAK', 3000, 16, 16, 0, 1, 15, ''),
('DIST02', '2017-01-18', 'KASUBBAG KEUANGAN', 'Kertas A4', 'RIM', 39000, 93, 92, 0, 1, 91, ''),
('DIST02', '2017-01-18', 'KASUBBAG KEUANGAN', 'Kertas F4 70gr', 'RIM', 40500, 60, 59, 0, 1, 58, ''),
('DIST02', '2017-01-18', 'KASUBBAG KEUANGAN', 'Pena Signo', 'BUAH', 11500, 29, 29, 0, 2, 27, ''),
('DIST03', '2017-01-19', 'Bidang Yankes & Kefarmasian', 'Binder Klip No 107', 'KOTAK', 5000, 20, 20, 0, 0.5, 19.5, ''),
('DIST03', '2017-01-19', 'Bidang Yankes & Kefarmasian', 'Steples No 10', 'BUAH', 20000, 10, 50, 0, 1, 49, ''),
('DIST03', '2017-01-19', 'Bidang Yankes & Kefarmasian', 'Cetak Amplop Dinas 10 x 25cm', 'BUAH', 2000, 100, 550, 0, 50, 500, ''),
('DIST03', '2017-01-19', 'Bidang Yankes & Kefarmasian', 'Isi Stapler Max 10', 'KOTAK', 3000, 16, 15, 0, 2, 13, ''),
('DIST03', '2017-01-19', 'Bidang Yankes & Kefarmasian', 'Kertas F4 70gr', 'RIM', 40500, 60, 58, 0, 1, 57, ''),
('DIST03', '2017-01-19', 'Bidang Yankes & Kefarmasian', 'Cetak Map Dinas Bertulang', 'BUAH', 17000, 175, 525, 0, 20, 505, ''),
('DIST03', '2017-01-19', 'Bidang Yankes & Kefarmasian', 'Buku Expedisi isi 100 Lembar', 'BUAH', 8000, 8, 18, 0, 2, 16, ''),
('DIST03', '2017-01-19', 'Bidang Yankes & Kefarmasian', 'Post it', 'BUAH', 12000, 12, 12, 0, 1, 11, ''),
('DIST04', '2017-01-20', 'Kasi Kesehatan Keluarga', 'Odner Folio Setara Gungyu', 'BUAH', 25000, 100, 100, 0, 4, 96, ''),
('DIST04', '2017-01-20', 'Kasi Kesehatan Keluarga', 'Kertas F4 70gr', 'RIM', 40500, 60, 57, 0, 1, 56, ''),
('DIST05', '2017-01-24', 'KASUBBAG KEUANGAN', 'Kertas F4 70gr', 'RIM', 40500, 60, 56, 0, 1, 55, ''),
('DIST06', '2017-01-25', 'Pembiayaan dan Penjaminan', 'Kertas F4 70gr', 'RIM', 40500, 60, 55, 0, 1, 54, ''),
('DIST07', '2017-01-25', 'KEPEGAWAIAN & UMUM', 'Binder Klip No 111', 'KOTAK', 8000, 10, 10, 0, 1, 9, ''),
('DIST07', '2017-01-25', 'KEPEGAWAIAN & UMUM', 'Balpoin BP 7', 'KOTAK', 20500, 11, 11, 0, 2, 9, ''),
('DIST07', '2017-01-25', 'KEPEGAWAIAN & UMUM', 'Post it', 'BUAH', 12000, 12, 11, 0, 1, 10, ''),
('DIST07', '2017-01-25', 'KEPEGAWAIAN & UMUM', 'Kertas A4', 'RIM', 39000, 93, 91, 0, 1, 90, ''),
('DIST07', '2017-01-25', 'KEPEGAWAIAN & UMUM', 'Kertas F4 70gr', 'RIM', 40500, 60, 54, 0, 1, 53, ''),
('DIST07', '2017-01-25', 'KEPEGAWAIAN & UMUM', 'Odner Folio Setara Gungyu', 'BUAH', 25000, 100, 96, 0, 1, 95, ''),
('DIST07', '2017-01-25', 'KEPEGAWAIAN & UMUM', 'Spidol', 'BUAH', 8000, 10, 40, 0, 1, 39, ''),
('DIST07', '2017-01-25', 'KEPEGAWAIAN & UMUM', 'Buku Agenda Surat Masuk dan Keluar', 'BUAH', 28000, 6, 6, 0, 2, 4, ''),
('DIST07', '2017-01-25', 'KEPEGAWAIAN & UMUM', 'Refil Toner Laserjet', 'BUAH', 170000, 100, 350, 0, 1, 349, ''),
('DIST08', '2017-01-25', 'KEPEGAWAIAN & UMUM', 'Kertas F4 70gr', 'RIM', 40500, 60, 53, 0, 3, 50, ''),
('DIST08', '2017-01-25', 'KEPEGAWAIAN & UMUM', 'Kertas A4', 'RIM', 39000, 93, 90, 0, 3, 87, ''),
('DIST08', '2017-01-25', 'KEPEGAWAIAN & UMUM', 'Cetak Kop Surat Dinas', 'RIM', 59000, 6, 26, 0, 1, 25, ''),
('DIST08', '2017-01-25', 'KEPEGAWAIAN & UMUM', 'Balpoin BP 7', 'KOTAK', 20500, 11, 9, 0, 1, 8, ''),
('DIST09', '2017-01-26', 'Bidang Yankes & Kefarmasian', 'Kertas A4', 'RIM', 39000, 93, 87, 0, 1, 86, ''),
('DIST09', '2017-01-26', 'Bidang Yankes & Kefarmasian', 'Kertas F4 70gr', 'RIM', 40500, 60, 50, 0, 1, 49, ''),
('DIST09', '2017-01-26', 'Bidang Yankes & Kefarmasian', 'Pena Signo', 'BUAH', 11500, 29, 27, 0, 2, 25, ''),
('DIST09', '2017-01-26', 'Bidang Yankes & Kefarmasian', 'Cetak Amplop Dinas 10 x 25cm', 'BUAH', 2000, 100, 500, 0, 100, 400, ''),
('DIST09', '2017-01-26', 'Bidang Yankes & Kefarmasian', 'Cetak Map Dinas Bertulang', 'BUAH', 17000, 175, 505, 0, 5, 500, ''),
('DIST09', '2017-01-26', 'Bidang Yankes & Kefarmasian', 'Paper Klip', 'KOTAK', 15800, 20, 20, 0, 1, 19, ''),
('DIST09', '2017-01-26', 'Bidang Yankes & Kefarmasian', 'Isi Stapler Max 10', 'KOTAK', 3000, 16, 13, 0, 2, 11, ''),
('DIST09', '2017-01-26', 'Bidang Yankes & Kefarmasian', 'Buku Folio Isi 100 Lembar', 'BUAH', 19500, 7, 7, 0, 1, 6, ''),
('DIST010', '2017-01-27', 'P2M', 'Kertas F4 70gr', 'RIM', 40500, 60, 49, 0, 1, 48, ''),
('DIST010', '2017-01-27', 'P2M', 'Kertas A4', 'RIM', 39000, 93, 86, 0, 1, 85, ''),
('DIST010', '2017-01-27', 'P2M', 'Isi Stapler Max 10', 'KOTAK', 3000, 16, 11, 0, 2, 9, ''),
('DIST011', '2017-01-28', 'Bidang P2 & PL', 'Kertas F4 70gr', 'RIM', 40500, 60, 48, 0, 2, 46, ''),
('DIST011', '2017-01-28', 'Bidang P2 & PL', 'Kertas A4', 'RIM', 39000, 93, 85, 0, 2, 83, ''),
('DIST012', '2017-01-29', 'Piket', 'Balpoin BP 7', 'KOTAK', 20500, 11, 8, 0, 0.083, 7.917, ''),
('DIST013', '2017-01-30', 'P2ML', 'Kertas F4 70gr', 'RIM', 40500, 60, 46, 0, 2, 44, ''),
('DIST013', '2017-01-30', 'P2ML', 'Kertas A4', 'RIM', 39000, 93, 83, 0, 2, 81, ''),
('DIST013', '2017-01-30', 'P2ML', 'Binder Klip No 107', 'KOTAK', 5000, 20, 19.5, 0, 1, 18.5, ''),
('DIST013', '2017-01-30', 'P2ML', 'Balpoin BP 7', 'KOTAK', 20500, 11, 7.917, 0, 0.166, 7.751, ''),
('DIST013', '2017-01-30', 'P2ML', 'Isi Stapler Max 10', 'KOTAK', 3000, 16, 9, 0, 2, 7, ''),
('DIST013', '2017-01-30', 'P2ML', 'Steples No 10', 'BUAH', 20000, 10, 49, 0, 1, 48, ''),
('DIST013', '2017-01-30', 'P2ML', 'Buku Folio Isi 100 Lembar', 'BUAH', 19500, 7, 6, 0, 1, 5, ''),
('DIST013', '2017-01-30', 'P2ML', 'Buku Expedisi isi 100 Lembar', 'BUAH', 8000, 8, 16, 0, 1, 15, ''),
('DIST013', '2017-01-30', 'P2ML', 'Paper Klip', 'KOTAK', 15800, 20, 19, 0, 1, 18, ''),
('DIST014', '2017-01-30', 'P2P - PTM', 'Odner Folio Setara Gungyu', 'BUAH', 25000, 100, 95, 0, 2, 93, ''),
('DIST014', '2017-01-30', 'P2P - PTM', 'Buku Agenda Surat Masuk dan Keluar', 'BUAH', 28000, 6, 4, 0, 1, 3, ''),
('DIST015', '2017-01-31', '', 'Kertas A4', 'RIM', 39000, 93, 81, 0, 1, 80, ''),
('DIST015', '2017-01-31', '', 'Kertas F4 70gr', 'RIM', 40500, 60, 44, 0, 1, 43, ''),
('DIST015', '2017-01-31', '', 'Buku Folio Isi 100 Lembar', 'BUAH', 19500, 7, 5, 0, 1, 4, ''),
('DIST015', '2017-01-31', '', 'Buku Agenda Surat Masuk dan Keluar', 'BUAH', 28000, 6, 3, 0, 1, 2, ''),
('DIST015', '2017-01-31', '', 'Binder Klip No 155', 'KOTAK', 12000, 10, 10, 0, 1, 9, ''),
('DIST015', '2017-01-31', '', 'Binder Klip No 111', 'KOTAK', 8000, 10, 9, 0, 1, 8, ''),
('DIST015', '2017-01-31', '', 'Cetak Amplop Dinas 10 x 25cm', 'BUAH', 2000, 100, 400, 0, 50, 350, ''),
('DIST015', '2017-01-31', '', 'Post it', 'BUAH', 12000, 12, 10, 0, 1, 9, ''),
('DIST015', '2017-01-31', '', 'Paper Klip', 'KOTAK', 15800, 20, 18, 0, 1, 17, ''),
('DIST015', '2017-01-31', '', 'Cetak Map Dinas Bertulang', 'BUAH', 17000, 175, 500, 0, 39, 461, ''),
('DIST016', '2017-02-02', 'SDMK', 'Buku Folio Isi 100 Lembar', 'BUAH', 19500, 7, 4, 0, 4, 0, ''),
('DIST016', '2017-02-02', 'SDMK', 'Kertas F4 70gr', 'RIM', 40500, 60, 43, 0, 1, 42, ''),
('DIST016', '2017-02-02', 'SDMK', 'Buku Expedisi isi 100 Lembar', 'BUAH', 8000, 8, 15, 0, 1, 14, ''),
('DIST016', '2017-02-02', 'SDMK', 'Buku Folio Isi 100 Lembar (2017)', 'BUAH', 18000, 0, 20, 0, 2, 18, ''),
('DIST017', '2017-02-06', 'KEPEGAWAIAN & UMUM', 'Cetak Lembar Disposisi', 'RIM', 65000, 5, 20, 0, 2, 18, ''),
('DIST018', '2017-02-08', 'Bidang Yankes & Kefarmasian', 'Kertas F4 70gr', 'RIM', 40500, 60, 42, 0, 2, 40, ''),
('DIST018', '2017-02-08', 'Bidang Yankes & Kefarmasian', 'Isi Stapler Max 10', 'KOTAK', 3000, 16, 7, 0, 6, 1, ''),
('DIST018', '2017-02-08', 'Bidang Yankes & Kefarmasian', 'Odner Folio Setara Gungyu', 'BUAH', 25000, 100, 93, 0, 4, 89, ''),
('DIST018', '2017-02-08', 'Bidang Yankes & Kefarmasian', 'Steples No 10', 'BUAH', 20000, 10, 48, 0, 1, 47, ''),
('DIST018', '2017-02-08', 'Bidang Yankes & Kefarmasian', 'Balpoin BP 7', 'KOTAK', 20500, 11, 7.751, 0, 0.25, 7.501, ''),
('DIST018', '2017-02-08', 'Bidang Yankes & Kefarmasian', 'Pena Signo', 'BUAH', 11500, 29, 25, 0, 3, 22, ''),
('DIST018', '2017-02-08', 'Bidang Yankes & Kefarmasian', 'Lem Kertas Cair', 'BUAH', 5200, 10, 10, 0, 1, 9, ''),
('DIST018', '2017-02-08', 'Bidang Yankes & Kefarmasian', 'Spidol', 'BUAH', 8000, 10, 39, 0, 1, 38, ''),
('DIST018', '2017-02-08', 'Bidang Yankes & Kefarmasian', 'Paper Klip', 'KOTAK', 15800, 20, 17, 0, 1, 16, ''),
('DIST018', '2017-02-08', 'Bidang Yankes & Kefarmasian', 'Amplop Coklat F4', 'PACK', 43700, 4, 4, 0, 1, 3, ''),
('DIST018', '2017-02-08', 'Bidang Yankes & Kefarmasian', 'Kertas A4', 'RIM', 39000, 93, 80, 0, 3, 77, ''),
('DIST019', '2017-02-08', 'Kasi Pelayanan Kesehatan', 'Odner Folio Setara Gungyu', 'BUAH', 25000, 100, 89, 0, 5, 84, ''),
('DIST019', '2017-02-08', 'Kasi Pelayanan Kesehatan', 'Paper Klip', 'KOTAK', 15800, 20, 16, 0, 0.5, 15.5, ''),
('DIST019', '2017-02-08', 'Kasi Pelayanan Kesehatan', 'Kertas F4 70gr', 'RIM', 40500, 60, 40, 0, 3, 37, ''),
('DIST019', '2017-02-08', 'Kasi Pelayanan Kesehatan', 'Kertas A4', 'RIM', 39000, 93, 77, 0, 3, 74, ''),
('DIST019', '2017-02-08', 'Kasi Pelayanan Kesehatan', 'Lem Kertas Cair', 'BUAH', 5200, 10, 9, 0, 2, 7, ''),
('DIST019', '2017-02-08', 'Kasi Pelayanan Kesehatan', 'Balpoin BP 7', 'KOTAK', 20500, 11, 7.501, 0, 3, 4.501, ''),
('DIST019', '2017-02-08', 'Kasi Pelayanan Kesehatan', 'Penggaris 30cm', 'BUAH', 3000, 8, 8, 0, 1, 7, ''),
('DIST019', '2017-02-08', 'Kasi Pelayanan Kesehatan', 'Stabilo', 'BUAH', 8000, 12, 42, 0, 2, 40, ''),
('DIST019', '2017-02-08', 'Kasi Pelayanan Kesehatan', 'Steples No 10', 'BUAH', 20000, 10, 47, 0, 2, 45, ''),
('DIST019', '2017-02-08', 'Kasi Pelayanan Kesehatan', 'Isi Stapler Max 10', 'KOTAK', 3000, 16, 1, 0, 1, 0, ''),
('DIST019', '2017-02-08', 'Kasi Pelayanan Kesehatan', 'Isi Stapler Max 10 (2017)', 'KOTAK', 40000, 0, 80, 0, 4, 76, ''),
('DIST019', '2017-02-08', 'Kasi Pelayanan Kesehatan', 'Lakban', 'GULUNG', 15000, 15, 15, 0, 1, 14, ''),
('DIST019', '2017-02-08', 'Kasi Pelayanan Kesehatan', 'Cetak Map Dinas Bertulang', 'BUAH', 17000, 175, 461, 0, 10, 451, ''),
('DIST020', '2017-02-09', '', 'Cetak Map Dinas Bertulang', 'BUAH', 17000, 175, 451, 0, 10, 441, ''),
('DIST020', '2017-02-09', '', 'Odner Folio Setara Gungyu', 'BUAH', 25000, 100, 84, 0, 2, 82, ''),
('DIST021', '2017-02-10', 'Kasi Pelayanan Kesehatan', 'Stopmap Folio', 'KOTAK', 50000, 20, 100, 0, 10, 90, ''),
('DIST021', '2017-02-10', 'Kasi Pelayanan Kesehatan', 'Cetak Map Dinas Bertulang', 'BUAH', 17000, 175, 441, 0, 7, 434, ''),
('DIST021', '2017-02-10', 'Kasi Pelayanan Kesehatan', 'Odner Folio Setara Gungyu', 'BUAH', 25000, 100, 82, 0, 3, 79, ''),
('DIST021', '2017-02-10', 'Kasi Pelayanan Kesehatan', 'Pena Signo', 'BUAH', 11500, 29, 22, 0, 2, 20, ''),
('DIST021', '2017-02-10', 'Kasi Pelayanan Kesehatan', 'Lem Kertas Cair', 'BUAH', 5200, 10, 7, 0, 1, 6, ''),
('DIST021', '2017-02-10', 'Kasi Pelayanan Kesehatan', 'Paper Klip', 'KOTAK', 15800, 20, 15.5, 0, 1, 14.5, ''),
('DIST021', '2017-02-10', 'Kasi Pelayanan Kesehatan', 'Stabilo', 'BUAH', 8000, 12, 40, 0, 1, 39, ''),
('DIST021', '2017-02-10', 'Kasi Pelayanan Kesehatan', 'Kertas A4', 'RIM', 39000, 93, 74, 0, 2, 72, ''),
('DIST021', '2017-02-10', 'Kasi Pelayanan Kesehatan', 'Kertas F4 70gr', 'RIM', 40500, 60, 37, 0, 2, 35, ''),
('DIST021', '2017-02-10', 'Kasi Pelayanan Kesehatan', 'Isi Stapler Max 10 (2017)', 'KOTAK', 40000, 0, 76, 0, 3, 73, ''),
('DIST021', '2017-02-10', 'Kasi Pelayanan Kesehatan', 'Steples No 10', 'BUAH', 20000, 10, 45, 0, 1, 44, ''),
('DIST021', '2017-02-10', 'Kasi Pelayanan Kesehatan', 'Balpoin BP 7', 'KOTAK', 20500, 11, 4.501, 0, 0.25, 4.251, ''),
('DIST022', '2017-02-10', 'KASUBBAG PERENCANAAN DAN PROGRAM', 'Balpoin BP 7', 'KOTAK', 20500, 11, 4.251, 0, 0.166, 4.085, ''),
('DIST022', '2017-02-10', 'KASUBBAG PERENCANAAN DAN PROGRAM', 'Stabilo', 'BUAH', 8000, 12, 39, 0, 1, 38, ''),
('DIST022', '2017-02-10', 'KASUBBAG PERENCANAAN DAN PROGRAM', 'Lem Kertas Cair', 'BUAH', 5200, 10, 6, 0, 1, 5, ''),
('DIST022', '2017-02-10', 'KASUBBAG PERENCANAAN DAN PROGRAM', 'Paper Klip', 'KOTAK', 15800, 20, 14.5, 0, 1, 13.5, ''),
('DIST022', '2017-02-10', 'KASUBBAG PERENCANAAN DAN PROGRAM', 'Steples No 10', 'BUAH', 20000, 10, 44, 0, 1, 43, ''),
('DIST022', '2017-02-10', 'KASUBBAG PERENCANAAN DAN PROGRAM', 'Isi Stapler Max 10 (2017)', 'KOTAK', 40000, 0, 73, 0, 3, 70, ''),
('DIST022', '2017-02-10', 'KASUBBAG PERENCANAAN DAN PROGRAM', 'Kertas A4', 'RIM', 39000, 93, 72, 0, 1, 71, ''),
('DIST022', '2017-02-10', 'KASUBBAG PERENCANAAN DAN PROGRAM', 'Kertas F4 70gr', 'RIM', 40500, 60, 35, 0, 1, 34, ''),
('DIST023', '2017-02-13', 'SDMK', 'Kertas A4', 'RIM', 39000, 93, 71, 0, 2, 69, ''),
('DIST023', '2017-02-13', 'SDMK', 'Kertas F4 70gr', 'RIM', 40500, 60, 34, 0, 2, 32, ''),
('DIST023', '2017-02-13', 'SDMK', 'Binder Klip No 111', 'KOTAK', 8000, 10, 8, 0, 2, 6, ''),
('DIST023', '2017-02-13', 'SDMK', 'Isi Stapler Max 10 (2017)', 'KOTAK', 40000, 0, 70, 0, 2, 68, ''),
('DIST023', '2017-02-13', 'SDMK', 'Amplop Coklat F4', 'PACK', 43700, 4, 3, 0, 1, 2, ''),
('DIST023', '2017-02-13', 'SDMK', 'Cetak Amplop Dinas 10 x 25cm', 'BUAH', 2000, 100, 350, 0, 100, 250, ''),
('DIST023', '2017-02-13', 'SDMK', 'Cetak Map Dinas Bertulang', 'BUAH', 17000, 175, 434, 0, 10, 424, ''),
('DIST023', '2017-02-13', 'SDMK', 'Buku Agenda Surat Masuk dan Keluar', 'BUAH', 28000, 6, 2, 0, 2, 0, ''),
('DIST023', '2017-02-13', 'SDMK', 'Paper Klip', 'KOTAK', 15800, 20, 13.5, 0, 2, 11.5, ''),
('DIST023', '2017-02-13', 'SDMK', 'Buku Folio Isi 100 Lembar (2017)', 'BUAH', 18000, 0, 18, 0, 4, 14, ''),
('DIST023', '2017-02-13', 'SDMK', 'Binder Klip No 155', 'KOTAK', 12000, 10, 9, 0, 2, 7, ''),
('DIST023', '2017-02-13', 'SDMK', 'Balpoin BP 7', 'KOTAK', 20500, 11, 4.085, 0, 1, 3.085, ''),
('DIST023', '2017-02-13', 'SDMK', 'Penggaris 30cm', 'BUAH', 3000, 8, 7, 0, 5, 2, ''),
('DIST023', '2017-02-13', 'SDMK', 'Pensil 2b', 'KOTAK', 25000, 3, 3, 0, 1, 2, ''),
('DIST023', '2017-02-13', 'SDMK', 'Tip-ex', 'BUAH', 15800, 8, 8, 0, 5, 3, ''),
('DIST023', '2017-02-13', 'SDMK', 'Steples No 10', 'BUAH', 20000, 10, 43, 0, 5, 38, ''),
('DIST023', '2017-02-13', 'SDMK', 'Lem Kertas Cair', 'BUAH', 5200, 10, 5, 0, 5, 0, ''),
('DIST023', '2017-02-13', 'SDMK', 'Lakban(2016)', 'GULUNG', 16000, 5, 5, 0, 5, 0, ''),
('DIST023', '2017-02-13', 'SDMK', 'Lakban', 'GULUNG', 15000, 15, 14, 0, 1, 13, ''),
('DIST023', '2017-02-13', 'SDMK', 'Gunting', 'BUAH', 11000, 16, 16, 0, 5, 11, ''),
('DIST023', '2017-02-13', 'SDMK', 'Peraut Pensil', 'BUAH', 25000, 0, 6, 0, 5, 1, ''),
('DIST023', '2017-02-13', 'SDMK', 'Penghapus Pensil', 'BUAH', 3500, 7, 7, 0, 1, 6, ''),
('DIST023', '2017-02-13', 'SDMK', 'Odner Folio Setara Gungyu', 'BUAH', 25000, 100, 79, 0, 10, 69, ''),
('DIST024', '2017-02-13', 'Kasie Surveilance & Imunisasi', 'Odner Folio Setara Gungyu', 'BUAH', 25000, 100, 69, 0, 10, 59, ''),
('DIST024', '2017-02-13', 'Kasie Surveilance & Imunisasi', 'Steples No 10', 'BUAH', 20000, 10, 38, 0, 3, 35, ''),
('DIST024', '2017-02-13', 'Kasie Surveilance & Imunisasi', 'Isi Stapler Max 10 (2017)', 'KOTAK', 40000, 0, 68, 0, 4, 64, ''),
('DIST024', '2017-02-13', 'Kasie Surveilance & Imunisasi', 'Cetak Map Dinas Bertulang', 'BUAH', 17000, 175, 424, 0, 17, 407, ''),
('DIST024', '2017-02-13', 'Kasie Surveilance & Imunisasi', 'Kertas A4', 'RIM', 39000, 93, 69, 0, 2, 67, ''),
('DIST024', '2017-02-13', 'Kasie Surveilance & Imunisasi', 'Kertas F4 70gr', 'RIM', 40500, 60, 32, 0, 2, 30, ''),
('DIST024', '2017-02-13', 'Kasie Surveilance & Imunisasi', 'Paper Klip', 'KOTAK', 15800, 20, 11.5, 0, 4, 7.5, ''),
('DIST024', '2017-02-13', 'Kasie Surveilance & Imunisasi', 'Binder Klip No 111', 'KOTAK', 8000, 10, 6, 0, 2, 4, ''),
('DIST025', '2017-02-13', 'Kasie Pembiayaan & Jaminan Kesehatan', 'Kertas F4 70gr', 'RIM', 40500, 60, 30, 0, 2, 28, ''),
('DIST025', '2017-02-13', 'Kasie Pembiayaan & Jaminan Kesehatan', 'Kertas A4', 'RIM', 39000, 93, 67, 0, 2, 65, ''),
('DIST025', '2017-02-13', 'Kasie Pembiayaan & Jaminan Kesehatan', 'Kalkulator', 'BUAH', 70000, 0, 3, 0, 1, 2, ''),
('DIST025', '2017-02-13', 'Kasie Pembiayaan & Jaminan Kesehatan', 'Odner Folio Setara Gungyu', 'BUAH', 25000, 100, 59, 0, 10, 49, ''),
('DIST025', '2017-02-13', 'Kasie Pembiayaan & Jaminan Kesehatan', 'Cetak Map Dinas Bertulang', 'BUAH', 17000, 175, 407, 0, 10, 397, ''),
('DIST025', '2017-02-13', 'Kasie Pembiayaan & Jaminan Kesehatan', 'Balpoin BP 7', 'KOTAK', 20500, 11, 3.085, 0, 1, 2.085, ''),
('DIST025', '2017-02-13', 'Kasie Pembiayaan & Jaminan Kesehatan', 'Pensil 2b', 'KOTAK', 25000, 3, 2, 0, 0.333, 1.667, ''),
('DIST025', '2017-02-13', 'Kasie Pembiayaan & Jaminan Kesehatan', 'Binder Klip No 107', 'KOTAK', 5000, 20, 18.5, 0, 2, 16.5, ''),
('DIST025', '2017-02-13', 'Kasie Pembiayaan & Jaminan Kesehatan', 'Binder Klip No 111', 'KOTAK', 8000, 10, 4, 0, 2, 2, ''),
('DIST025', '2017-02-13', 'Kasie Pembiayaan & Jaminan Kesehatan', 'Tip-ex', 'BUAH', 15800, 8, 3, 0, 3, 0, ''),
('DIST025', '2017-02-13', 'Kasie Pembiayaan & Jaminan Kesehatan', 'Paper Klip', 'KOTAK', 15800, 20, 7.5, 0, 2, 5.5, ''),
('DIST026', '2017-02-17', 'Kasi Penyehatan Lingkungan', 'Cetak Blangko Surat Izin', 'LEMBAR', 5500, 100, 1100, 0, 4, 1096, ''),
('DIST027', '2017-02-17', '', 'Amplop Coklat F4', 'PACK', 43700, 4, 2, 0, 0.15, 1.85, ''),
('DIST027', '2017-02-17', '', 'Stopmap Folio', 'KOTAK', 50000, 20, 90, 0, 0.22, 89.78, ''),
('DIST027', '2017-02-17', '', 'Cetak Amplop Dinas 10 x 25cm', 'BUAH', 2000, 100, 250, 0, 1, 249, ''),
('DIST027', '2017-02-17', '', 'Kertas F4 70gr', 'RIM', 40500, 60, 28, 0, 1, 27, ''),
('DIST028', '2017-02-21', 'Kasie Kesmas/Gizi', 'Kertas F4 70gr', 'RIM', 40500, 60, 27, 0, 1, 26, ''),
('DIST028', '2017-02-21', 'Kasie Kesmas/Gizi', 'Kertas A4', 'RIM', 39000, 93, 65, 0, 1, 64, ''),
('DIST029', '2017-02-21', 'Bidang P2 & PL', 'Kertas F4 70gr', 'RIM', 40500, 60, 26, 0, 2, 24, ''),
('DIST029', '2017-02-21', 'Bidang P2 & PL', 'Kertas A4', 'RIM', 39000, 93, 64, 0, 2, 62, ''),
('DIST030', '2017-02-21', 'KEPEGAWAIAN & UMUM', 'Odner Folio Setara Gungyu', 'BUAH', 25000, 100, 49, 0, 1, 48, ''),
('DIST030', '2017-02-21', 'KEPEGAWAIAN & UMUM', 'Post it', 'BUAH', 12000, 12, 9, 0, 2, 7, ''),
('DIST030', '2017-02-21', 'KEPEGAWAIAN & UMUM', 'Isi Stapler Max 10 (2017)', 'KOTAK', 40000, 0, 64, 0, 4, 60, ''),
('DIST030', '2017-02-21', 'KEPEGAWAIAN & UMUM', 'Binder Klip No 105', 'KOTAK', 5000, 21, 21, 0, 2, 19, ''),
('DIST030', '2017-02-21', 'KEPEGAWAIAN & UMUM', 'Paper Klip', 'KOTAK', 15800, 20, 5.5, 0, 1, 4.5, ''),
('DIST030', '2017-02-21', 'KEPEGAWAIAN & UMUM', 'Buku Agenda Surat Masuk dan Keluar (2017)', 'BUAH', 22000, 0, 30, 0, 1, 29, ''),
('DIST030', '2017-02-21', 'KEPEGAWAIAN & UMUM', 'Kertas A4', 'RIM', 39000, 93, 62, 0, 1, 61, ''),
('DIST030', '2017-02-21', 'KEPEGAWAIAN & UMUM', 'Kertas F4 70gr', 'RIM', 40500, 60, 24, 0, 1, 23, ''),
('DIST030', '2017-02-21', 'KEPEGAWAIAN & UMUM', 'Stabilo', 'BUAH', 8000, 12, 38, 0, 2, 36, ''),
('DIST030', '2017-02-21', 'KEPEGAWAIAN & UMUM', 'Balpoin BP 7', 'KOTAK', 20500, 11, 2.085, 0, 0.416, 1.669, ''),
('DIST031', '2017-02-21', 'Bidang Yankes & Kefarmasian', 'Kertas A4', 'RIM', 39000, 93, 61, 0, 1, 60, ''),
('DIST031', '2017-02-21', 'Bidang Yankes & Kefarmasian', 'Kertas F4 70gr', 'RIM', 40500, 60, 23, 0, 1, 22, ''),
('DIST031', '2017-02-21', 'Bidang Yankes & Kefarmasian', 'Binder Klip No 111', 'KOTAK', 8000, 10, 2, 0, 2, 0, ''),
('DIST031', '2017-02-21', 'Bidang Yankes & Kefarmasian', 'Paper Klip', 'KOTAK', 15800, 20, 4.5, 0, 2, 2.5, ''),
('DIST031', '2017-02-21', 'Bidang Yankes & Kefarmasian', 'Cetak Amplop Dinas 10 x 25cm', 'BUAH', 2000, 100, 249, 0, 50, 199, ''),
('DIST031', '2017-02-21', 'Bidang Yankes & Kefarmasian', 'Buku Folio Isi 100 Lembar (2017)', 'BUAH', 18000, 0, 14, 0, 1, 13, ''),
('DIST031', '2017-02-21', 'Bidang Yankes & Kefarmasian', 'Buku Agenda Surat Masuk dan Keluar (2017)', 'BUAH', 22000, 0, 29, 0, 1, 28, ''),
('DIST031', '2017-02-21', 'Bidang Yankes & Kefarmasian', 'Pena Signo', 'BUAH', 11500, 29, 20, 0, 2, 18, ''),
('DIST031', '2017-02-21', 'Bidang Yankes & Kefarmasian', 'Cetak Map Dinas Bertulang', 'BUAH', 17000, 175, 397, 0, 39, 358, ''),
('DIST031', '2017-02-21', 'Bidang Yankes & Kefarmasian', 'Post it', 'BUAH', 12000, 12, 7, 0, 1, 6, ''),
('DIST032', '2017-03-03', 'P2ML', 'Kertas F4 70gr', 'RIM', 40500, 60, 22, 0, 4, 18, ''),
('DIST032', '2017-03-03', 'P2ML', 'Kertas A4', 'RIM', 39000, 93, 60, 0, 4, 56, ''),
('DIST032', '2017-03-03', 'P2ML', 'Binder Klip No 155', 'KOTAK', 12000, 10, 7, 0, 2, 5, ''),
('DIST032', '2017-03-03', 'P2ML', 'Pensil 2b', 'KOTAK', 25000, 3, 1.667, 0, 1, 0.667, ''),
('DIST032', '2017-03-03', 'P2ML', 'Isi Stapler Max 10 (2017)', 'KOTAK', 40000, 0, 60, 0, 4, 56, ''),
('DIST032', '2017-03-03', 'P2ML', 'Steples No 10', 'BUAH', 20000, 10, 35, 0, 2, 33, ''),
('DIST032', '2017-03-03', 'P2ML', 'Odner Folio Setara Gungyu', 'BUAH', 25000, 100, 48, 0, 6, 42, ''),
('DIST032', '2017-03-03', 'P2ML', 'Paper Klip', 'KOTAK', 15800, 20, 2.5, 0, 2, 0.5, ''),
('DIST033', '2017-03-03', 'Kasie Kesmas/Gizi', 'Odner Folio Setara Gungyu', 'BUAH', 25000, 100, 42, 0, 10, 32, ''),
('DIST033', '2017-03-03', 'Kasie Kesmas/Gizi', 'Steples No 10', 'BUAH', 20000, 10, 33, 0, 2, 31, ''),
('DIST033', '2017-03-03', 'Kasie Kesmas/Gizi', 'Isi Stapler Max 10 (2017)', 'KOTAK', 40000, 0, 56, 0, 4, 52, ''),
('DIST033', '2017-03-03', 'Kasie Kesmas/Gizi', 'Kertas F4 70gr', 'RIM', 40500, 60, 18, 0, 2, 16, ''),
('DIST033', '2017-03-03', 'Kasie Kesmas/Gizi', 'Kertas A4', 'RIM', 39000, 93, 56, 0, 1, 55, ''),
('DIST033', '2017-03-03', 'Kasie Kesmas/Gizi', 'Gunting', 'BUAH', 11000, 16, 11, 0, 1, 10, ''),
('DIST033', '2017-03-03', 'Kasie Kesmas/Gizi', 'Binder Klip No 107', 'KOTAK', 5000, 20, 16.5, 0, 2, 14.5, ''),
('DIST033', '2017-03-03', 'Kasie Kesmas/Gizi', 'Balpoin BP 7', 'KOTAK', 20500, 11, 1.669, 0, 0.833, 0.836, ''),
('DIST033', '2017-03-03', 'Kasie Kesmas/Gizi', 'Lem Kertas Cair (2017)', 'BUAH', 5000, 0, 30, 0, 2, 28, ''),
('DIST033', '2017-03-03', 'Kasie Kesmas/Gizi', 'Buku Agenda Surat Masuk dan Keluar (2017)', 'BUAH', 22000, 0, 28, 0, 1, 27, ''),
('DIST033', '2017-03-03', 'Kasie Kesmas/Gizi', 'Buku Folio Isi 100 Lembar (2017)', 'BUAH', 18000, 0, 13, 0, 4, 9, ''),
('DIST033', '2017-03-03', 'Kasie Kesmas/Gizi', 'Penggaris 30cm', 'BUAH', 3000, 8, 2, 0, 2, 0, ''),
('DIST033', '2017-03-03', 'Kasie Kesmas/Gizi', 'Buku Expedisi isi 100 Lembar', 'BUAH', 8000, 8, 14, 0, 1, 13, ''),
('DIST033', '2017-03-03', 'Kasie Kesmas/Gizi', 'Stopmap Folio', 'KOTAK', 50000, 20, 89.78, 0, 0.5, 89.28, ''),
('DIST033', '2017-03-03', 'Kasie Kesmas/Gizi', 'Stabilo', 'BUAH', 8000, 12, 36, 0, 2, 34, ''),
('DIST033', '2017-03-03', 'Kasie Kesmas/Gizi', 'Post it', 'BUAH', 12000, 12, 6, 0, 2, 4, ''),
('DIST034', '2017-03-06', 'Kasie PTM dan Keswa', 'Kertas F4 70gr', 'RIM', 40500, 60, 16, 0, 3, 13, ''),
('DIST034', '2017-03-06', 'Kasie PTM dan Keswa', 'Kertas A4', 'RIM', 39000, 93, 55, 0, 1, 54, ''),
('DIST034', '2017-03-06', 'Kasie PTM dan Keswa', 'Cetak Map Dinas Bertulang', 'BUAH', 17000, 175, 358, 0, 50, 308, ''),
('DIST034', '2017-03-06', 'Kasie PTM dan Keswa', 'Stopmap Folio', 'KOTAK', 50000, 20, 89.28, 0, 1, 88.28, ''),
('DIST034', '2017-03-06', 'Kasie PTM dan Keswa', 'Odner Folio Setara Gungyu', 'BUAH', 25000, 100, 32, 0, 6, 26, ''),
('DIST034', '2017-03-06', 'Kasie PTM dan Keswa', 'Isi Stapler Max 10 (2017)', 'KOTAK', 40000, 0, 52, 0, 1, 51, ''),
('DIST034', '2017-03-06', 'Kasie PTM dan Keswa', 'Balpoin BP 7', 'KOTAK', 20500, 11, 0.836, 0, 0.416, 0.42, ''),
('DIST034', '2017-03-06', 'Kasie PTM dan Keswa', 'Binder Klip No 107', 'KOTAK', 5000, 20, 14.5, 0, 1, 13.5, ''),
('DIST034', '2017-03-06', 'Kasie PTM dan Keswa', 'Paper Klip', 'KOTAK', 15800, 20, 0.5, 0, 0.5, 0, ''),
('DIST034', '2017-03-06', 'Kasie PTM dan Keswa', 'Paper Klip (2017)', 'KOTAK', 15000, 0, 30, 0, 0.5, 29.5, ''),
('DIST034', '2017-03-06', 'Kasie PTM dan Keswa', 'Cetak Kop Surat Dinas', 'RIM', 59000, 6, 25, 0, 1, 24, ''),
('DIST034', '2017-03-06', 'Kasie PTM dan Keswa', 'Amplop Coklat', 'BOX', 18000, 8, 38, 0, 1, 37, ''),
('DIST034', '2017-03-06', 'Kasie PTM dan Keswa', 'Buku Folio Isi 100 Lembar (2017)', 'BUAH', 18000, 0, 9, 0, 2, 7, ''),
('DIST034', '2017-03-06', 'Kasie PTM dan Keswa', 'Amplop Coklat F4', 'PACK', 43700, 4, 1.85, 0, 1, 0.85, ''),
('DIST034', '2017-03-06', 'Kasie PTM dan Keswa', 'Steples No 10', 'BUAH', 20000, 10, 31, 0, 1, 30, ''),
('DIST035', '2017-03-06', 'KEPEGAWAIAN & UMUM', 'Kertas F4 70gr', 'RIM', 40500, 60, 13, 0, 5, 8, ''),
('DIST035', '2017-03-06', 'KEPEGAWAIAN & UMUM', 'Kertas A4', 'RIM', 39000, 93, 54, 0, 5, 49, ''),
('DIST035', '2017-03-06', 'KEPEGAWAIAN & UMUM', 'Cetak Kop Surat Dinas', 'RIM', 59000, 6, 24, 0, 2, 22, ''),
('DIST035', '2017-03-06', 'KEPEGAWAIAN & UMUM', 'Isi Stapler Max 10 (2017)', 'KOTAK', 40000, 0, 51, 0, 2, 49, ''),
('DIST035', '2017-03-06', 'KEPEGAWAIAN & UMUM', 'Refil Toner Laserjet', 'BUAH', 170000, 100, 349, 0, 1, 348, ''),
('DIST035', '2017-03-06', 'KEPEGAWAIAN & UMUM', 'Binder Klip No 105', 'KOTAK', 5000, 21, 19, 0, 3, 16, ''),
('DIST035', '2017-03-06', 'KEPEGAWAIAN & UMUM', 'Binder Klip No 107', 'KOTAK', 5000, 20, 13.5, 0, 3, 10.5, ''),
('DIST035', '2017-03-06', 'KEPEGAWAIAN & UMUM', 'Binder Klip No 111 (2017)', 'KOTAK', 35000, 0, 30, 0, 3, 27, ''),
('DIST035', '2017-03-06', 'KEPEGAWAIAN & UMUM', 'Amplop Coklat', 'BOX', 18000, 8, 37, 0, 1, 36, ''),
('DIST035', '2017-03-06', 'KEPEGAWAIAN & UMUM', 'Post it', 'BUAH', 12000, 12, 4, 0, 2, 2, ''),
('DIST035', '2017-03-06', 'KEPEGAWAIAN & UMUM', 'Cetak Amplop Dinas 10 x 25cm', 'BUAH', 2000, 100, 199, 0, 50, 149, ''),
('DIST035', '2017-03-06', 'KEPEGAWAIAN & UMUM', 'Cetak Map Dinas Bertulang', 'BUAH', 17000, 175, 308, 0, 12, 296, ''),
('DIST036', '2017-03-08', 'Kasie Kesmas/Gizi', 'Kertas A4', 'RIM', 39000, 93, 49, 0, 2, 47, ''),
('DIST036', '2017-03-08', 'Kasie Kesmas/Gizi', 'Kertas F4 70gr', 'RIM', 40500, 60, 8, 0, 2, 6, ''),
('DIST036', '2017-03-08', 'Kasie Kesmas/Gizi', 'Paper Klip (2017)', 'KOTAK', 15000, 0, 29.5, 0, 1, 28.5, ''),
('DIST036', '2017-03-08', 'Kasie Kesmas/Gizi', 'Lakban', 'GULUNG', 15000, 15, 13, 0, 1, 12, ''),
('DIST037', '2017-03-08', 'P2P - PTM', 'Cetak Kwitansi NCR', 'BUKU', 48000, 38, 38, 0, 1, 37, ''),
('DIST038', '2017-03-09', 'Kasi Promosi Kesehatan', 'Kertas A4', 'RIM', 39000, 93, 47, 0, 2, 45, ''),
('DIST038', '2017-03-09', 'Kasi Promosi Kesehatan', 'Kertas F4 70gr', 'RIM', 40500, 60, 6, 0, 2, 4, ''),
('DIST038', '2017-03-09', 'Kasi Promosi Kesehatan', 'Odner Folio Setara Gungyu', 'BUAH', 25000, 100, 26, 0, 10, 16, ''),
('DIST038', '2017-03-09', 'Kasi Promosi Kesehatan', 'Amplop Coklat', 'BOX', 18000, 8, 36, 0, 1, 35, ''),
('DIST038', '2017-03-09', 'Kasi Promosi Kesehatan', 'Paper Klip (2017)', 'KOTAK', 15000, 0, 28.5, 0, 1, 27.5, ''),
('DIST038', '2017-03-09', 'Kasi Promosi Kesehatan', 'Binder Klip No 105', 'KOTAK', 5000, 21, 16, 0, 1, 15, ''),
('DIST038', '2017-03-09', 'Kasi Promosi Kesehatan', 'Balpoin BP 7', 'KOTAK', 20500, 11, 0.42, 0, 0.416, 0.004, ''),
('DIST038', '2017-03-09', 'Kasi Promosi Kesehatan', 'Pensil 2b', 'KOTAK', 25000, 3, 0.667, 0, 0.25, 0.417, ''),
('DIST038', '2017-03-09', 'Kasi Promosi Kesehatan', 'Steples No 10', 'BUAH', 20000, 10, 30, 0, 1, 29, ''),
('DIST039', '2017-03-09', 'Kasi Promosi Kesehatan', 'Kertas F4 70gr', 'RIM', 40500, 60, 4, 0, 3, 1, ''),
('DIST039', '2017-03-09', 'Kasi Promosi Kesehatan', 'Kertas A4', 'RIM', 39000, 93, 45, 0, 3, 42, ''),
('DIST039', '2017-03-09', 'Kasi Promosi Kesehatan', 'Steples No 10', 'BUAH', 20000, 10, 29, 0, 1, 28, ''),
('DIST039', '2017-03-09', 'Kasi Promosi Kesehatan', 'Paper Klip (2017)', 'KOTAK', 15000, 0, 27.5, 0, 1, 26.5, ''),
('DIST039', '2017-03-09', 'Kasi Promosi Kesehatan', 'Amplop Coklat F4', 'PACK', 43700, 4, 0.85, 0, 0.85, 0, ''),
('DIST039', '2017-03-09', 'Kasi Promosi Kesehatan', 'Lem Kertas Cair (2017)', 'BUAH', 5000, 0, 28, 0, 1, 27, ''),
('DIST039', '2017-03-09', 'Kasi Promosi Kesehatan', 'Cetak Kwitansi NCR', 'BUKU', 48000, 38, 37, 0, 2, 35, ''),
('DIST040', '2017-03-13', 'SDMK', 'Kertas A4', 'RIM', 39000, 93, 42, 0, 3, 39, ''),
('DIST040', '2017-03-13', 'SDMK', 'Kertas F4 70gr', 'RIM', 40500, 60, 1, 0, 1, 0, ''),
('DIST040', '2017-03-13', 'SDMK', 'Kertas F4 70gr (2017)', 'RIM', 41000, 0, 500, 0, 1, 499, ''),
('DIST040', '2017-03-13', 'SDMK', 'Binder Klip No 111 (2017)', 'KOTAK', 35000, 0, 27, 0, 2, 25, ''),
('DIST040', '2017-03-13', 'SDMK', 'Isi Stapler Max 10 (2017)', 'KOTAK', 40000, 0, 49, 0, 2, 47, ''),
('DIST040', '2017-03-13', 'SDMK', 'Cetak Amplop Dinas 10 x 25cm', 'BUAH', 2000, 100, 149, 0, 100, 49, ''),
('DIST040', '2017-03-13', 'SDMK', 'Amplop Coklat', 'BOX', 18000, 8, 35, 0, 1, 34, ''),
('DIST040', '2017-03-13', 'SDMK', 'Cetak Map Dinas Bertulang', 'BUAH', 17000, 175, 296, 0, 10, 286, ''),
('DIST040', '2017-03-13', 'SDMK', 'Buku Agenda Surat Masuk dan Keluar (2017)', 'BUAH', 22000, 0, 27, 0, 2, 25, ''),
('DIST040', '2017-03-13', 'SDMK', 'Paper Klip (2017)', 'KOTAK', 15000, 0, 26.5, 0, 2, 24.5, ''),
('DIST040', '2017-03-13', 'SDMK', 'Buku Folio Isi 100 Lembar (2017)', 'BUAH', 18000, 0, 7, 0, 6, 1, ''),
('DIST040', '2017-03-13', 'SDMK', 'Binder Klip No 155', 'KOTAK', 12000, 10, 5, 0, 2, 3, ''),
('DIST040', '2017-03-13', 'SDMK', 'Balpoin BP 7', 'KOTAK', 20500, 11, 0.004, 0, 0.004, 0, ''),
('DIST040', '2017-03-13', 'SDMK', 'Balpoin BP 7 (2017)', 'KOTAK', 21500, 0, 30, 0, 1, 29, ''),
('DIST040', '2017-03-13', 'SDMK', 'Pensil 2b', 'KOTAK', 25000, 3, 0.417, 0, 0.417, 0, ''),
('DIST040', '2017-03-13', 'SDMK', 'Steples No 10', 'BUAH', 20000, 10, 28, 0, 3, 25, ''),
('DIST040', '2017-03-13', 'SDMK', 'Lem Kertas Cair (2017)', 'BUAH', 5000, 0, 27, 0, 3, 24, ''),
('DIST040', '2017-03-13', 'SDMK', 'Lakban', 'GULUNG', 15000, 15, 12, 0, 1, 11, ''),
('DIST040', '2017-03-13', 'SDMK', 'Gunting', 'BUAH', 11000, 16, 10, 0, 3, 7, ''),
('DIST040', '2017-03-13', 'SDMK', 'Peraut Pensil', 'BUAH', 25000, 0, 1, 0, 1, 0, ''),
('DIST040', '2017-03-13', 'SDMK', 'Penghapus Pensil', 'BUAH', 3500, 7, 6, 0, 3, 3, ''),
('DIST040', '2017-03-13', 'SDMK', 'Odner Folio Setara Gungyu', 'BUAH', 25000, 100, 16, 0, 10, 6, ''),
('DIST041', '2017-03-13', 'Kasie Kesmas/Gizi', 'Kertas F4 70gr (2017)', 'RIM', 41000, 0, 499, 0, 3, 496, ''),
('DIST041', '2017-03-13', 'Kasie Kesmas/Gizi', 'Kertas A4', 'RIM', 39000, 93, 39, 0, 3, 36, ''),
('DIST041', '2017-03-13', 'Kasie Kesmas/Gizi', 'Steples No 10', 'BUAH', 20000, 10, 25, 0, 1, 24, ''),
('DIST041', '2017-03-13', 'Kasie Kesmas/Gizi', 'Paper Klip (2017)', 'KOTAK', 15000, 0, 24.5, 0, 1, 23.5, ''),
('DIST041', '2017-03-13', 'Kasie Kesmas/Gizi', 'Amplop Coklat', 'BOX', 18000, 8, 34, 0, 0.1, 33.9, ''),
('DIST041', '2017-03-13', 'Kasie Kesmas/Gizi', 'Lem Kertas Cair (2017)', 'BUAH', 5000, 0, 24, 0, 1, 23, ''),
('DIST041', '2017-03-13', 'Kasie Kesmas/Gizi', 'Cetak Kwitansi NCR', 'BUKU', 48000, 38, 35, 0, 2, 33, ''),
('DIST042', '2017-03-13', 'Kasie Yankes Primer & Tradisional', 'Cetak Kwitansi NCR', 'BUKU', 48000, 38, 33, 0, 3, 30, ''),
('DIST042', '2017-03-13', 'Kasie Yankes Primer & Tradisional', 'Spidol', 'BUAH', 8000, 10, 38, 0, 1, 37, ''),
('DIST042', '2017-03-13', 'Kasie Yankes Primer & Tradisional', 'Cetak Map Dinas Bertulang', 'BUAH', 17000, 175, 286, 0, 5, 281, ''),
('DIST042', '2017-03-13', 'Kasie Yankes Primer & Tradisional', 'Cetak Amplop Dinas Ukuran Folio', 'BUAH', 5500, 600, 588, 0, 50, 538, ''),
('DIST042', '2017-03-13', 'Kasie Yankes Primer & Tradisional', 'Balpoin BP 7 (2017)', 'KOTAK', 21500, 0, 29, 0, 0.25, 28.75, ''),
('DIST042', '2017-03-13', 'Kasie Yankes Primer & Tradisional', 'Steples No 10', 'BUAH', 20000, 10, 24, 0, 1, 23, ''),
('DIST042', '2017-03-13', 'Kasie Yankes Primer & Tradisional', 'Isi Stapler Max 10 (2017)', 'KOTAK', 40000, 0, 47, 0, 3, 44, ''),
('DIST042', '2017-03-13', 'Kasie Yankes Primer & Tradisional', 'Stabilo', 'BUAH', 8000, 12, 34, 0, 1, 33, ''),
('DIST042', '2017-03-13', 'Kasie Yankes Primer & Tradisional', 'Post it', 'BUAH', 12000, 12, 2, 0, 1, 1, ''),
('DIST043', '2017-03-13', 'Kefarmasian, Alkes dan PKRT', 'Kertas A4', 'RIM', 39000, 93, 36, 0, 2, 34, ''),
('DIST043', '2017-03-13', 'Kefarmasian, Alkes dan PKRT', 'Kertas F4 70gr (2017)', 'RIM', 41000, 0, 496, 0, 1, 495, ''),
('DIST043', '2017-03-13', 'Kefarmasian, Alkes dan PKRT', 'Binder Klip No 111 (2017)', 'KOTAK', 35000, 0, 25, 0, 1, 24, ''),
('DIST043', '2017-03-13', 'Kefarmasian, Alkes dan PKRT', 'Isi Stapler Max 10 (2017)', 'KOTAK', 40000, 0, 44, 0, 1, 43, ''),
('DIST043', '2017-03-13', 'Kefarmasian, Alkes dan PKRT', 'Cetak Amplop Dinas 10 x 25cm', 'BUAH', 2000, 100, 49, 0, 49, 0, ''),
('DIST043', '2017-03-13', 'Kefarmasian, Alkes dan PKRT', 'Cetak Amplop Dinas Ukuran Folio', 'BUAH', 5500, 600, 538, 0, 1, 537, ''),
('DIST043', '2017-03-13', 'Kefarmasian, Alkes dan PKRT', 'Paper Klip (2017)', 'KOTAK', 15000, 0, 23.5, 0, 1, 22.5, ''),
('DIST043', '2017-03-13', 'Kefarmasian, Alkes dan PKRT', 'Binder Klip No 107', 'KOTAK', 5000, 20, 10.5, 0, 1, 9.5, ''),
('DIST044', '2017-03-13', 'Bidang Kesga Promkes', 'Lakban', 'GULUNG', 15000, 15, 11, 0, 1, 10, ''),
('DIST045', '2017-03-14', 'Kasie Kesmas/Gizi', 'Steples No 10', 'BUAH', 20000, 10, 23, 0, 1, 22, ''),
('DIST045', '2017-03-14', 'Kasie Kesmas/Gizi', 'Isi Stapler Max 10 (2017)', 'KOTAK', 40000, 0, 43, 0, 3, 40, ''),
('DIST045', '2017-03-14', 'Kasie Kesmas/Gizi', 'Paper Klip (2017)', 'KOTAK', 15000, 0, 22.5, 0, 1.5, 21, ''),
('DIST045', '2017-03-14', 'Kasie Kesmas/Gizi', 'Binder Klip No 111 (2017)', 'KOTAK', 35000, 0, 24, 0, 1, 23, ''),
('DIST045', '2017-03-14', 'Kasie Kesmas/Gizi', 'Balpoin BP 7 (2017)', 'KOTAK', 21500, 0, 28.75, 0, 0.416, 28.334, ''),
('DIST045', '2017-03-14', 'Kasie Kesmas/Gizi', 'Pena Signo', 'BUAH', 11500, 29, 18, 0, 1, 17, ''),
('DIST045', '2017-03-14', 'Kasie Kesmas/Gizi', 'Lem Kertas Cair (2017)', 'BUAH', 5000, 0, 23, 0, 1, 22, ''),
('DIST045', '2017-03-14', 'Kasie Kesmas/Gizi', 'Stabilo', 'BUAH', 8000, 12, 33, 0, 1, 32, ''),
('DIST045', '2017-03-14', 'Kasie Kesmas/Gizi', 'Post it', 'BUAH', 12000, 12, 1, 0, 1, 0, ''),
('DIST045', '2017-03-14', 'Kasie Kesmas/Gizi', 'Spidol', 'BUAH', 8000, 10, 37, 0, 1, 36, ''),
('DIST045', '2017-03-14', 'Kasie Kesmas/Gizi', 'Kertas F4 70gr (2017)', 'RIM', 41000, 0, 495, 0, 3, 492, ''),
('DIST045', '2017-03-14', 'Kasie Kesmas/Gizi', 'Kertas A4', 'RIM', 39000, 93, 34, 0, 2, 32, ''),
('DIST045', '2017-03-14', 'Kasie Kesmas/Gizi', 'Cetak Amplop Dinas Ukuran Folio', 'BUAH', 5500, 600, 537, 0, 45, 492, ''),
('DIST046', '2017-03-15', 'KEPEGAWAIAN & UMUM', 'Buku Agenda Surat Masuk dan Keluar (2017)', 'BUAH', 22000, 0, 25, 0, 3, 22, ''),
('DIST046', '2017-03-15', 'KEPEGAWAIAN & UMUM', 'Cetak Lembar Disposisi', 'RIM', 65000, 5, 18, 0, 1, 17, ''),
('DIST046', '2017-03-15', 'KEPEGAWAIAN & UMUM', 'Balpoin BP 7 (2017)', 'KOTAK', 21500, 0, 28.334, 0, 1, 27.334, ''),
('DIST046', '2017-03-15', 'KEPEGAWAIAN & UMUM', 'Post it (2017)', 'BUAH', 18000, 0, 55, 0, 2, 53, ''),
('DIST046', '2017-03-15', 'KEPEGAWAIAN & UMUM', 'Isi Stapler Max 10 (2017)', 'KOTAK', 40000, 0, 40, 0, 4, 36, ''),
('DIST046', '2017-03-15', 'KEPEGAWAIAN & UMUM', 'Gunting', 'BUAH', 11000, 16, 7, 0, 2, 5, ''),
('DIST046', '2017-03-15', 'KEPEGAWAIAN & UMUM', 'Spidol', 'BUAH', 8000, 10, 36, 0, 3, 33, ''),
('DIST046', '2017-03-15', 'KEPEGAWAIAN & UMUM', 'Pensil 2b (2017)', 'KOTAK', 32000, 0, 5, 0, 0.25, 4.75, ''),
('DIST046', '2017-03-15', 'KEPEGAWAIAN & UMUM', 'Stabilo', 'BUAH', 8000, 12, 32, 0, 2, 30, ''),
('DIST047', '2017-03-15', 'Kasi Pelayanan Kesehatan', 'Cetak Kwitansi NCR', 'BUKU', 48000, 38, 30, 0, 1, 29, ''),
('DIST047', '2017-03-15', 'Kasi Pelayanan Kesehatan', 'Spidol', 'BUAH', 8000, 10, 33, 0, 2, 31, ''),
('DIST047', '2017-03-15', 'Kasi Pelayanan Kesehatan', 'Balpoin BP 7 (2017)', 'KOTAK', 21500, 0, 27.334, 0, 0.334, 27, ''),
('DIST047', '2017-03-15', 'Kasi Pelayanan Kesehatan', 'Steples No 10', 'BUAH', 20000, 10, 22, 0, 1, 21, ''),
('DIST047', '2017-03-15', 'Kasi Pelayanan Kesehatan', 'Isi Stapler Max 10 (2017)', 'KOTAK', 40000, 0, 36, 0, 3, 33, ''),
('DIST047', '2017-03-15', 'Kasi Pelayanan Kesehatan', 'Stabilo', 'BUAH', 8000, 12, 30, 0, 1, 29, ''),
('DIST047', '2017-03-15', 'Kasi Pelayanan Kesehatan', 'Kertas A4', 'RIM', 39000, 93, 32, 0, 2, 30, ''),
('DIST047', '2017-03-15', 'Kasi Pelayanan Kesehatan', 'Kertas F4 70gr (2017)', 'RIM', 41000, 0, 492, 0, 2, 490, ''),
('DIST047', '2017-03-15', 'Kasi Pelayanan Kesehatan', 'Post it (2017)', 'BUAH', 18000, 0, 53, 0, 1, 52, ''),
('DIST047', '2017-03-15', 'Kasi Pelayanan Kesehatan', 'Lem Kertas Cair (2017)', 'BUAH', 5000, 0, 22, 0, 1, 21, ''),
('DIST048', '2017-03-16', 'P2ML', 'Kertas F4 70gr (2017)', 'RIM', 41000, 0, 490, 0, 4, 486, ''),
('DIST048', '2017-03-16', 'P2ML', 'Kertas A4', 'RIM', 39000, 93, 30, 0, 4, 26, ''),
('DIST048', '2017-03-16', 'P2ML', 'Amplop Coklat', 'BOX', 18000, 8, 33.9, 0, 0.9, 33, ''),
('DIST048', '2017-03-16', 'P2ML', 'Balpoin BP 7 (2017)', 'KOTAK', 21500, 0, 27, 0, 1, 26, ''),
('DIST048', '2017-03-16', 'P2ML', 'Pensil 2b (2017)', 'KOTAK', 32000, 0, 4.75, 0, 1, 3.75, ''),
('DIST048', '2017-03-16', 'P2ML', 'Steples No 10', 'BUAH', 20000, 10, 21, 0, 4, 17, ''),
('DIST048', '2017-03-16', 'P2ML', 'Isi Stapler Max 10 (2017)', 'KOTAK', 40000, 0, 33, 0, 4, 29, ''),
('DIST049', '2017-03-21', 'Kasi Promosi Kesehatan', 'Cetak Map Dinas Bertulang', 'BUAH', 17000, 175, 281, 0, 20, 261, ''),
('DIST049', '2017-03-21', 'Kasi Promosi Kesehatan', 'Stopmap Folio', 'KOTAK', 50000, 20, 88.28, 0, 0.28, 88, ''),
('DIST049', '2017-03-21', 'Kasi Promosi Kesehatan', 'Cetak Amplop Dinas Ukuran Folio', 'BUAH', 5500, 600, 492, 0, 100, 392, ''),
('DIST049', '2017-03-21', 'Kasi Promosi Kesehatan', 'Amplop Coklat', 'BOX', 18000, 8, 33, 0, 1, 32, ''),
('DIST049', '2017-03-21', 'Kasi Promosi Kesehatan', 'Spidol', 'BUAH', 8000, 10, 31, 0, 1, 30, ''),
('DIST049', '2017-03-21', 'Kasi Promosi Kesehatan', 'Cetak Kwitansi NCR', 'BUKU', 48000, 38, 29, 0, 5, 24, ''),
('DIST049', '2017-03-21', 'Kasi Promosi Kesehatan', 'Isi Stapler Max 10 (2017)', 'KOTAK', 40000, 0, 29, 0, 2, 27, ''),
('DIST049', '2017-03-21', 'Kasi Promosi Kesehatan', 'Balpoin BP 7 (2017)', 'KOTAK', 21500, 0, 26, 0, 0.333, 25.667, ''),
('DIST049', '2017-03-21', 'Kasi Promosi Kesehatan', 'Pensil 2b (2017)', 'KOTAK', 32000, 0, 3.75, 0, 0.166, 3.584, ''),
('DIST049', '2017-03-21', 'Kasi Promosi Kesehatan', 'Paper Klip (2017)', 'KOTAK', 15000, 0, 21, 0, 1, 20, ''),
('DIST049', '2017-03-21', 'Kasi Promosi Kesehatan', 'Penghapus Pensil', 'BUAH', 3500, 7, 3, 0, 1, 2, ''),
('DIST050', '2017-03-21', 'Bidang Kesga Promkes', 'Kertas F4 70gr (2017)', 'RIM', 41000, 0, 486, 0, 2, 484, ''),
('DIST051', '2017-03-21', '', 'Buku Expedisi isi 100 Lembar', 'BUAH', 8000, 8, 13, 0, 5, 8, ''),
('DIST052', '2017-03-24', 'Kasie Kesmas/Gizi', 'Kertas A4 (2017)', 'RIM', 36000, 0, 400, 0, 2, 398, ''),
('DIST052', '2017-03-24', 'Kasie Kesmas/Gizi', 'Kertas F4 70gr (2017)', 'RIM', 41000, 0, 484, 0, 2, 482, ''),
('DIST052', '2017-03-24', 'Kasie Kesmas/Gizi', 'Odner Folio Setara Gungyu', 'BUAH', 25000, 100, 6, 0, 6, 0, ''),
('DIST052', '2017-03-24', 'Kasie Kesmas/Gizi', 'Odner Folio Setara Gungyu (2017)', 'BUAH', 22000, 0, 200, 0, 4, 196, ''),
('DIST052', '2017-03-24', 'Kasie Kesmas/Gizi', 'Amplop Coklat', 'BOX', 18000, 8, 32, 0, 0.05, 31.95, ''),
('DIST052', '2017-03-24', 'Kasie Kesmas/Gizi', 'Paper Klip (2017)', 'KOTAK', 15000, 0, 20, 0, 1, 19, ''),
('DIST052', '2017-03-24', 'Kasie Kesmas/Gizi', 'Binder Klip No 107', 'KOTAK', 5000, 20, 9.5, 0, 1, 8.5, ''),
('DIST052', '2017-03-24', 'Kasie Kesmas/Gizi', 'Balpoin BP 7 (2017)', 'KOTAK', 21500, 0, 25.667, 0, 1, 24.667, ''),
('DIST052', '2017-03-24', 'Kasie Kesmas/Gizi', 'Pensil 2b (2017)', 'KOTAK', 32000, 0, 3.584, 0, 1, 2.584, ''),
('DIST052', '2017-03-24', 'Kasie Kesmas/Gizi', 'Steples No 10', 'BUAH', 20000, 10, 17, 0, 2, 15, ''),
('DIST052', '2017-03-24', 'Kasie Kesmas/Gizi', 'Stopmap Folio', 'KOTAK', 50000, 20, 88, 0, 0.1, 87.9, ''),
('DIST053', '2017-03-24', 'SDMK', 'Kertas A4', 'RIM', 39000, 93, 26, 0, 3, 23, ''),
('DIST053', '2017-03-24', 'SDMK', 'Kertas F4 70gr (2017)', 'RIM', 41000, 0, 482, 0, 2, 480, ''),
('DIST053', '2017-03-24', 'SDMK', 'Binder Klip No 111 (2017)', 'KOTAK', 35000, 0, 23, 0, 2, 21, ''),
('DIST053', '2017-03-24', 'SDMK', 'Isi Stapler Max 10 (2017)', 'KOTAK', 40000, 0, 27, 0, 2, 25, ''),
('DIST053', '2017-03-24', 'SDMK', 'Cetak Map Dinas Bertulang', 'BUAH', 17000, 175, 261, 0, 10, 251, ''),
('DIST053', '2017-03-24', 'SDMK', 'Pena Signo', 'BUAH', 11500, 29, 17, 0, 4, 13, ''),
('DIST053', '2017-03-24', 'SDMK', 'Paper Klip (2017)', 'KOTAK', 15000, 0, 19, 0, 2, 17, ''),
('DIST053', '2017-03-24', 'SDMK', 'Buku Folio Isi 100 Lembar (2017)', 'BUAH', 18000, 0, 1, 0, 1, 0, ''),
('DIST053', '2017-03-24', 'SDMK', 'Balpoin BP 7 (2017)', 'KOTAK', 21500, 0, 24.667, 0, 0.667, 24, ''),
('DIST053', '2017-03-24', 'SDMK', 'Pensil 2b (2017)', 'KOTAK', 32000, 0, 2.584, 0, 0.584, 2, ''),
('DIST053', '2017-03-24', 'SDMK', 'Steples No 10', 'BUAH', 20000, 10, 15, 0, 2, 13, ''),
('DIST053', '2017-03-24', 'SDMK', 'Lem Kertas Cair (2017)', 'BUAH', 5000, 0, 21, 0, 5, 16, ''),
('DIST053', '2017-03-24', 'SDMK', 'Lakban', 'GULUNG', 15000, 15, 10, 0, 2, 8, ''),
('DIST053', '2017-03-24', 'SDMK', 'Penghapus Pensil', 'BUAH', 3500, 7, 2, 0, 2, 0, ''),
('DIST053', '2017-03-24', 'SDMK', 'Penghapus Pensil (2017)', 'BUAH', 4000, 0, 15, 0, 3, 12, ''),
('DIST053', '2017-03-24', 'SDMK', 'Odner Folio Setara Gungyu (2017)', 'BUAH', 22000, 0, 196, 0, 10, 186, ''),
('DIST054', '2017-04-04', 'KEPEGAWAIAN & UMUM', 'Buku Agenda Surat Masuk dan Keluar (2017)', 'BUAH', 22000, 0, 22, 0, 2, 20, ''),
('DIST054', '2017-04-04', 'KEPEGAWAIAN & UMUM', 'Cetak Lembar Disposisi', 'RIM', 65000, 5, 17, 0, 1, 16, ''),
('DIST054', '2017-04-04', 'KEPEGAWAIAN & UMUM', 'Balpoin BP 7 (2017)', 'KOTAK', 21500, 0, 24, 0, 1, 23, ''),
('DIST054', '2017-04-04', 'KEPEGAWAIAN & UMUM', 'Post it (2017)', 'BUAH', 18000, 0, 52, 0, 2, 50, ''),
('DIST054', '2017-04-04', 'KEPEGAWAIAN & UMUM', 'Isi Stapler Max 10 (2017)', 'KOTAK', 40000, 0, 25, 0, 4, 21, ''),
('DIST054', '2017-04-04', 'KEPEGAWAIAN & UMUM', 'Gunting', 'BUAH', 11000, 16, 5, 0, 2, 3, ''),
('DIST054', '2017-04-04', 'KEPEGAWAIAN & UMUM', 'Spidol', 'BUAH', 8000, 10, 30, 0, 3, 27, '');
INSERT INTO `kartustok` (`id_distribusi`, `tanggal`, `nama`, `nama_barang`, `satuan`, `harga_satuan`, `stok_awal`, `stok_akhir`, `barang_masuk`, `barang_keluar`, `stok_sisa`, `keterangan`) VALUES
('DIST054', '2017-04-04', 'KEPEGAWAIAN & UMUM', 'Pensil 2b (2017)', 'KOTAK', 32000, 0, 2, 0, 0.25, 1.75, ''),
('DIST054', '2017-04-04', 'KEPEGAWAIAN & UMUM', 'Stabilo', 'BUAH', 8000, 12, 29, 0, 2, 27, ''),
('DIST054', '2017-04-04', 'KEPEGAWAIAN & UMUM', 'Binder Klip No 111 (2017)', 'KOTAK', 35000, 0, 21, 0, 2, 19, ''),
('DIST054', '2017-04-04', 'KEPEGAWAIAN & UMUM', 'Pena Signo', 'BUAH', 11500, 29, 13, 0, 3, 10, ''),
('DIST054', '2017-04-04', 'KEPEGAWAIAN & UMUM', 'Kertas F4 70gr (2017)', 'RIM', 41000, 0, 480, 0, 6, 474, ''),
('DIST054', '2017-04-04', 'KEPEGAWAIAN & UMUM', 'Odner Folio Setara Gungyu (2017)', 'BUAH', 22000, 0, 186, 0, 10, 176, ''),
('DIST054', '2017-04-04', 'KEPEGAWAIAN & UMUM', 'Binder Klip No 155', 'KOTAK', 12000, 10, 3, 0, 1, 2, ''),
('DIST054', '2017-04-04', 'KEPEGAWAIAN & UMUM', 'Kertas A4', 'RIM', 39000, 93, 23, 0, 3, 20, ''),
('DIST054', '2017-04-04', 'KEPEGAWAIAN & UMUM', 'Steples No 3', 'BUAH', 31000, 12, 12, 0, 1, 11, ''),
('DIST055', '2017-04-04', 'Kasie Surveilance & Imunisasi', 'Kertas F4 70gr (2017)', 'RIM', 41000, 0, 474, 0, 1, 473, ''),
('DIST055', '2017-04-04', 'Kasie Surveilance & Imunisasi', 'Kertas A4', 'RIM', 39000, 93, 20, 0, 1, 19, ''),
('DIST055', '2017-04-04', 'Kasie Surveilance & Imunisasi', 'Stopmap Folio', 'KOTAK', 50000, 20, 87.9, 0, 0.9, 87, ''),
('DIST055', '2017-04-04', 'Kasie Surveilance & Imunisasi', 'Cetak Map Dinas Bertulang', 'BUAH', 17000, 175, 251, 0, 2, 249, ''),
('DIST055', '2017-04-04', 'Kasie Surveilance & Imunisasi', 'Isi Stapler Max 10 (2017)', 'KOTAK', 40000, 0, 21, 0, 2, 19, ''),
('DIST055', '2017-04-04', 'Kasie Surveilance & Imunisasi', 'Isi Stapler Max 3', 'KOTAK', 116000, 5, 5, 0, 2, 3, ''),
('DIST055', '2017-04-04', 'Kasie Surveilance & Imunisasi', 'Steples No 3', 'BUAH', 31000, 12, 11, 0, 1, 10, ''),
('DIST055', '2017-04-04', 'Kasie Surveilance & Imunisasi', 'Lakban', 'GULUNG', 15000, 15, 8, 0, 1, 7, ''),
('DIST055', '2017-04-04', 'Kasie Surveilance & Imunisasi', 'Refil Toner Laserjet', 'BUAH', 170000, 100, 348, 0, 1, 347, ''),
('DIST056', '2017-04-04', 'Kasie Fasyankes dan Peningkatan Mutu', 'Odner Folio Setara Gungyu (2017)', 'BUAH', 22000, 0, 176, 0, 10, 166, ''),
('DIST056', '2017-04-04', 'Kasie Fasyankes dan Peningkatan Mutu', 'Isi Stapler Max 10 (2017)', 'KOTAK', 40000, 0, 19, 0, 5, 14, ''),
('DIST056', '2017-04-04', 'Kasie Fasyankes dan Peningkatan Mutu', 'Steples No 10', 'BUAH', 20000, 10, 13, 0, 2, 11, ''),
('DIST056', '2017-04-04', 'Kasie Fasyankes dan Peningkatan Mutu', 'Paper Klip (2017)', 'KOTAK', 15000, 0, 17, 0, 5, 12, ''),
('DIST056', '2017-04-04', 'Kasie Fasyankes dan Peningkatan Mutu', 'Stabilo', 'BUAH', 8000, 12, 27, 0, 2, 25, ''),
('DIST056', '2017-04-04', 'Kasie Fasyankes dan Peningkatan Mutu', 'Pena Signo', 'BUAH', 11500, 29, 10, 0, 3, 7, ''),
('DIST056', '2017-04-04', 'Kasie Fasyankes dan Peningkatan Mutu', 'Balpoin BP 7 (2017)', 'KOTAK', 21500, 0, 23, 0, 0.416, 22.584, ''),
('DIST056', '2017-04-04', 'Kasie Fasyankes dan Peningkatan Mutu', 'Lem Kertas Cair (2017)', 'BUAH', 5000, 0, 16, 0, 2, 14, ''),
('DIST056', '2017-04-04', 'Kasie Fasyankes dan Peningkatan Mutu', 'Kertas F4 70gr (2017)', 'RIM', 41000, 0, 473, 0, 5, 468, ''),
('DIST056', '2017-04-04', 'Kasie Fasyankes dan Peningkatan Mutu', 'Kertas A4', 'RIM', 39000, 93, 19, 0, 3, 16, ''),
('DIST057', '2017-04-04', 'Kasie Fasyankes dan Peningkatan Mutu', 'Kertas A4', 'RIM', 39000, 93, 16, 0, 2, 14, ''),
('DIST057', '2017-04-04', 'Kasie Fasyankes dan Peningkatan Mutu', 'Kertas F4 70gr (2017)', 'RIM', 41000, 0, 468, 0, 2, 466, ''),
('DIST057', '2017-04-04', 'Kasie Fasyankes dan Peningkatan Mutu', 'Balpoin BP 7 (2017)', 'KOTAK', 21500, 0, 22.584, 0, 0.25, 22.334, ''),
('DIST058', '2017-04-04', 'Kasie Fasyankes dan Peningkatan Mutu', 'Kertas F4 70gr (2017)', 'RIM', 41000, 0, 466, 0, 2, 464, ''),
('DIST058', '2017-04-04', 'Kasie Fasyankes dan Peningkatan Mutu', 'Kertas A4', 'RIM', 39000, 93, 14, 0, 2, 12, ''),
('DIST058', '2017-04-04', 'Kasie Fasyankes dan Peningkatan Mutu', 'Isi Stapler Max 10 (2017)', 'KOTAK', 40000, 0, 14, 0, 5, 9, ''),
('DIST058', '2017-04-04', 'Kasie Fasyankes dan Peningkatan Mutu', 'Odner Folio Setara Gungyu (2017)', 'BUAH', 22000, 0, 166, 0, 2, 164, ''),
('DIST059', '2017-04-04', 'Kasie Fasyankes dan Peningkatan Mutu', 'Amplop Coklat', 'BOX', 18000, 8, 31.95, 0, 1.95, 30, ''),
('DIST059', '2017-04-04', 'Kasie Fasyankes dan Peningkatan Mutu', 'Cetak Map Dinas Bertulang', 'BUAH', 17000, 175, 249, 0, 20, 229, ''),
('DIST059', '2017-04-04', 'Kasie Fasyankes dan Peningkatan Mutu', 'Stopmap Folio', 'KOTAK', 50000, 20, 87, 0, 0.2, 86.8, ''),
('DIST059', '2017-04-04', 'Kasie Fasyankes dan Peningkatan Mutu', 'Isi Stapler Max 10 (2017)', 'KOTAK', 40000, 0, 9, 0, 5, 4, ''),
('DIST059', '2017-04-04', 'Kasie Fasyankes dan Peningkatan Mutu', 'Steples No 10', 'BUAH', 20000, 10, 11, 0, 2, 9, ''),
('DIST059', '2017-04-04', 'Kasie Fasyankes dan Peningkatan Mutu', 'Paper Klip (2017)', 'KOTAK', 15000, 0, 12, 0, 5, 7, ''),
('DIST059', '2017-04-04', 'Kasie Fasyankes dan Peningkatan Mutu', 'Stabilo', 'BUAH', 8000, 12, 25, 0, 2, 23, ''),
('DIST059', '2017-04-04', 'Kasie Fasyankes dan Peningkatan Mutu', 'Pena Signo', 'BUAH', 11500, 29, 7, 0, 3, 4, ''),
('DIST059', '2017-04-04', 'Kasie Fasyankes dan Peningkatan Mutu', 'Balpoin BP 7 (2017)', 'KOTAK', 21500, 0, 22.334, 0, 0.334, 22, ''),
('DIST059', '2017-04-04', 'Kasie Fasyankes dan Peningkatan Mutu', 'Gunting', 'BUAH', 11000, 16, 3, 0, 1, 2, ''),
('DIST059', '2017-04-04', 'Kasie Fasyankes dan Peningkatan Mutu', 'Lem Kertas Cair (2017)', 'BUAH', 5000, 0, 14, 0, 2, 12, ''),
('DIST059', '2017-04-04', 'Kasie Fasyankes dan Peningkatan Mutu', 'Lakban', 'GULUNG', 15000, 15, 7, 0, 1, 6, ''),
('DIST059', '2017-04-04', 'Kasie Fasyankes dan Peningkatan Mutu', 'Kertas F4 70gr (2017)', 'RIM', 41000, 0, 464, 0, 5, 459, ''),
('DIST059', '2017-04-04', 'Kasie Fasyankes dan Peningkatan Mutu', 'Kertas A4', 'RIM', 39000, 93, 12, 0, 3, 9, ''),
('DIST059', '2017-04-04', 'Kasie Fasyankes dan Peningkatan Mutu', 'Pensil 2b (2017)', 'KOTAK', 32000, 0, 1.75, 0, 0.416, 1.334, ''),
('DIST059', '2017-04-04', 'Kasie Fasyankes dan Peningkatan Mutu', 'Cetak Kwitansi NCR', 'BUKU', 48000, 38, 24, 0, 3, 21, ''),
('DIST059', '2017-04-04', 'Kasie Fasyankes dan Peningkatan Mutu', 'Spidol', 'BUAH', 8000, 10, 27, 0, 2, 25, ''),
('DIST060', '2017-04-05', 'Kasie Fasyankes dan Peningkatan Mutu', 'Kertas F4 70gr (2017)', 'RIM', 41000, 0, 459, 0, 5, 454, ''),
('DIST060', '2017-04-05', 'Kasie Fasyankes dan Peningkatan Mutu', 'Kertas A4', 'RIM', 39000, 93, 9, 0, 3, 6, ''),
('DIST060', '2017-04-05', 'Kasie Fasyankes dan Peningkatan Mutu', 'Binder Klip No 111 (2017)', 'KOTAK', 35000, 0, 19, 0, 2, 17, ''),
('DIST060', '2017-04-05', 'Kasie Fasyankes dan Peningkatan Mutu', 'Binder Klip No 155', 'KOTAK', 12000, 10, 2, 0, 2, 0, ''),
('DIST060', '2017-04-05', 'Kasie Fasyankes dan Peningkatan Mutu', 'Paper Klip (2017)', 'KOTAK', 15000, 0, 7, 0, 2, 5, ''),
('DIST060', '2017-04-05', 'Kasie Fasyankes dan Peningkatan Mutu', 'Isi Stapler Max 10 (2017)', 'KOTAK', 40000, 0, 4, 0, 2, 2, ''),
('DIST060', '2017-04-05', 'Kasie Fasyankes dan Peningkatan Mutu', 'Balpoin BP 7 (2017)', 'KOTAK', 21500, 0, 22, 0, 1, 21, ''),
('DIST060', '2017-04-05', 'Kasie Fasyankes dan Peningkatan Mutu', 'Odner Folio Setara Gungyu (2017)', 'BUAH', 22000, 0, 164, 0, 5, 159, ''),
('DIST060', '2017-04-05', 'Kasie Fasyankes dan Peningkatan Mutu', 'Stopmap Folio', 'KOTAK', 50000, 20, 86.8, 0, 0.2, 86.6, ''),
('DIST061', '2017-04-07', 'Kesga dan Gizi', 'Kertas A4', 'RIM', 39000, 93, 6, 0, 3, 3, ''),
('DIST061', '2017-04-07', 'Kesga dan Gizi', 'Kertas F4 70gr (2017)', 'RIM', 41000, 0, 454, 0, 1, 453, ''),
('DIST061', '2017-04-07', 'Kesga dan Gizi', 'Amplop Coklat', 'BOX', 18000, 8, 30, 0, 1, 29, ''),
('DIST061', '2017-04-07', 'Kesga dan Gizi', 'Paper Klip (2017)', 'KOTAK', 15000, 0, 5, 0, 1, 4, ''),
('DIST061', '2017-04-07', 'Kesga dan Gizi', 'Binder Klip No 111 (2017)', 'KOTAK', 35000, 0, 17, 0, 1, 16, ''),
('DIST061', '2017-04-07', 'Kesga dan Gizi', 'Lem Kertas Cair (2017)', 'BUAH', 5000, 0, 12, 0, 1, 11, ''),
('DIST061', '2017-04-07', 'Kesga dan Gizi', 'Balpoin BP 7 (2017)', 'KOTAK', 21500, 0, 21, 0, 0.333, 20.667, ''),
('DIST061', '2017-04-07', 'Kesga dan Gizi', 'Odner Folio Setara Gungyu (2017)', 'BUAH', 22000, 0, 159, 0, 2, 157, ''),
('DIST061', '2017-04-07', 'Kesga dan Gizi', 'Cetak Map Dinas Bertulang', 'BUAH', 17000, 175, 229, 0, 10, 219, ''),
('DIST062', '2017-04-14', 'Kefarmasian, Alkes dan PKRT', 'Kertas A4', 'RIM', 39000, 93, 3, 0, 2, 1, ''),
('DIST062', '2017-04-14', 'Kefarmasian, Alkes dan PKRT', 'Kertas F4 70gr (2017)', 'RIM', 41000, 0, 453, 0, 4, 449, ''),
('DIST062', '2017-04-14', 'Kefarmasian, Alkes dan PKRT', 'Binder Klip No 111 (2017)', 'KOTAK', 35000, 0, 16, 0, 2, 14, ''),
('DIST062', '2017-04-14', 'Kefarmasian, Alkes dan PKRT', 'Isi Stapler Max 10 (2017)', 'KOTAK', 40000, 0, 2, 0, 1, 1, ''),
('DIST062', '2017-04-14', 'Kefarmasian, Alkes dan PKRT', 'Cetak Amplop Dinas Ukuran Folio', 'BUAH', 5500, 600, 392, 0, 100, 292, ''),
('DIST062', '2017-04-14', 'Kefarmasian, Alkes dan PKRT', 'Odner Folio Setara Gungyu (2017)', 'BUAH', 22000, 0, 157, 0, 5, 152, ''),
('DIST062', '2017-04-14', 'Kefarmasian, Alkes dan PKRT', 'Spidol', 'BUAH', 8000, 10, 25, 0, 2, 23, ''),
('DIST062', '2017-04-14', 'Kefarmasian, Alkes dan PKRT', 'Lem Kertas Cair (2017)', 'BUAH', 5000, 0, 11, 0, 2, 9, ''),
('DIST062', '2017-04-14', 'Kefarmasian, Alkes dan PKRT', 'Balpoin BP 7 (2017)', 'KOTAK', 21500, 0, 20.667, 0, 0.667, 20, ''),
('DIST062', '2017-04-14', 'Kefarmasian, Alkes dan PKRT', 'Pensil 2b (2017)', 'KOTAK', 32000, 0, 1.334, 0, 0.334, 1, ''),
('DIST062', '2017-04-14', 'Kefarmasian, Alkes dan PKRT', 'Paper Klip (2017)', 'KOTAK', 15000, 0, 4, 0, 2, 2, ''),
('DIST062', '2017-04-14', 'Kefarmasian, Alkes dan PKRT', 'Post it (2017)', 'BUAH', 18000, 0, 50, 0, 1, 49, ''),
('DIST062', '2017-04-14', 'Kefarmasian, Alkes dan PKRT', 'Stopmap Folio', 'KOTAK', 50000, 20, 86.6, 0, 0.1, 86.5, ''),
('DIST063', '2017-04-17', 'Kasie Pembiayaan & Jaminan Kesehatan', 'Kertas F4 70gr (2017)', 'RIM', 41000, 0, 449, 0, 3, 446, ''),
('DIST063', '2017-04-17', 'Kasie Pembiayaan & Jaminan Kesehatan', 'Kertas A4', 'RIM', 39000, 93, 1, 0, 1, 0, ''),
('DIST063', '2017-04-17', 'Kasie Pembiayaan & Jaminan Kesehatan', 'Kertas A4 (2017)', 'RIM', 36000, 0, 398, 0, 1, 397, ''),
('DIST063', '2017-04-17', 'Kasie Pembiayaan & Jaminan Kesehatan', 'Odner Folio Setara Gungyu (2017)', 'BUAH', 22000, 0, 152, 0, 5, 147, ''),
('DIST063', '2017-04-17', 'Kasie Pembiayaan & Jaminan Kesehatan', 'Cetak Map Dinas Bertulang', 'BUAH', 17000, 175, 219, 0, 10, 209, ''),
('DIST063', '2017-04-17', 'Kasie Pembiayaan & Jaminan Kesehatan', 'Balpoin BP 7 (2017)', 'KOTAK', 21500, 0, 20, 0, 0.416, 19.584, ''),
('DIST063', '2017-04-17', 'Kasie Pembiayaan & Jaminan Kesehatan', 'Binder Klip No 107', 'KOTAK', 5000, 20, 8.5, 0, 1, 7.5, ''),
('DIST063', '2017-04-17', 'Kasie Pembiayaan & Jaminan Kesehatan', 'Binder Klip No 111 (2017)', 'KOTAK', 35000, 0, 14, 0, 1, 13, ''),
('DIST063', '2017-04-17', 'Kasie Pembiayaan & Jaminan Kesehatan', 'Lem Kertas Cair (2017)', 'BUAH', 5000, 0, 9, 0, 1, 8, ''),
('DIST064', '2017-04-17', 'Kasie Yankes Primer & Tradisional', 'Cetak Kwitansi NCR', 'BUKU', 48000, 38, 21, 0, 2, 19, ''),
('DIST064', '2017-04-17', 'Kasie Yankes Primer & Tradisional', 'Buku Expedisi isi 100 Lembar', 'BUAH', 8000, 8, 8, 0, 4, 4, ''),
('DIST064', '2017-04-17', 'Kasie Yankes Primer & Tradisional', 'Cetak Map Dinas Bertulang', 'BUAH', 17000, 175, 209, 0, 5, 204, ''),
('DIST064', '2017-04-17', 'Kasie Yankes Primer & Tradisional', 'Odner Folio Setara Gungyu (2017)', 'BUAH', 22000, 0, 147, 0, 5, 142, ''),
('DIST064', '2017-04-17', 'Kasie Yankes Primer & Tradisional', 'Cetak Amplop Dinas Ukuran Folio', 'BUAH', 5500, 600, 292, 0, 100, 192, ''),
('DIST064', '2017-04-17', 'Kasie Yankes Primer & Tradisional', 'Post it (2017)', 'BUAH', 18000, 0, 49, 0, 5, 44, ''),
('DIST064', '2017-04-17', 'Kasie Yankes Primer & Tradisional', 'Kertas F4 70gr (2017)', 'RIM', 41000, 0, 446, 0, 4, 442, ''),
('DIST065', '2017-04-19', 'Kasi Pelayanan Kesehatan', 'Spidol', 'BUAH', 8000, 10, 23, 0, 2, 21, ''),
('DIST065', '2017-04-19', 'Kasi Pelayanan Kesehatan', 'Odner Folio Setara Gungyu (2017)', 'BUAH', 22000, 0, 142, 0, 5, 137, ''),
('DIST065', '2017-04-19', 'Kasi Pelayanan Kesehatan', 'Pena Signo', 'BUAH', 11500, 29, 4, 0, 3, 1, ''),
('DIST065', '2017-04-19', 'Kasi Pelayanan Kesehatan', 'Stabilo', 'BUAH', 8000, 12, 23, 0, 3, 20, ''),
('DIST065', '2017-04-19', 'Kasi Pelayanan Kesehatan', 'Kertas F4 70gr (2017)', 'RIM', 41000, 0, 442, 0, 4, 438, ''),
('DIST065', '2017-04-19', 'Kasi Pelayanan Kesehatan', 'Post it (2017)', 'BUAH', 18000, 0, 44, 0, 3, 41, ''),
('DIST065', '2017-04-19', 'Kasi Pelayanan Kesehatan', 'Gunting', 'BUAH', 11000, 16, 2, 0, 1, 1, ''),
('DIST065', '2017-04-19', 'Kasi Pelayanan Kesehatan', 'Pensil 2b (2017)', 'KOTAK', 32000, 0, 1, 0, 0.166, 0.834, ''),
('DIST066', '2017-04-25', 'SDMK', 'Lem Kertas Cair (2017)', 'BUAH', 5000, 0, 8, 0, 1, 7, ''),
('DIST067', '2017-04-28', 'Bidang Yankes & Kefarmasian', 'Kertas A4 (2017)', 'RIM', 36000, 0, 397, 0, 2, 395, ''),
('DIST067', '2017-04-28', 'Bidang Yankes & Kefarmasian', 'Kertas F4 70gr (2017)', 'RIM', 41000, 0, 438, 0, 3, 435, ''),
('DIST067', '2017-04-28', 'Bidang Yankes & Kefarmasian', 'Odner Folio Setara Gungyu (2017)', 'BUAH', 22000, 0, 137, 0, 3, 134, ''),
('DIST067', '2017-04-28', 'Bidang Yankes & Kefarmasian', 'Binder Klip No 105', 'KOTAK', 5000, 21, 15, 0, 3, 12, ''),
('DIST067', '2017-04-28', 'Bidang Yankes & Kefarmasian', 'Cetak Amplop Dinas Ukuran Folio', 'BUAH', 5500, 600, 192, 0, 20, 172, ''),
('DIST067', '2017-04-28', 'Bidang Yankes & Kefarmasian', 'Stopmap Folio', 'KOTAK', 50000, 20, 86.5, 0, 0.2, 86.3, ''),
('DIST067', '2017-04-28', 'Bidang Yankes & Kefarmasian', 'Post it (2017)', 'BUAH', 18000, 0, 41, 0, 1, 40, ''),
('DIST068', '2017-05-02', 'P2ML', 'Kertas F4 70gr (2017)', 'RIM', 41000, 0, 435, 0, 4, 431, ''),
('DIST068', '2017-05-02', 'P2ML', 'Binder Klip No 155 (2017)', 'KOTAK', 23000, 0, 30, 0, 2, 28, ''),
('DIST068', '2017-05-02', 'P2ML', 'Balpoin BP 7 (2017)', 'KOTAK', 21500, 0, 19.584, 0, 0.584, 19, ''),
('DIST068', '2017-05-02', 'P2ML', 'Isi Stapler Max 10 (2017)', 'KOTAK', 40000, 0, 1, 0, 1, 0, ''),
('DIST068', '2017-05-02', 'P2ML', 'Isi Stapler Max 3', 'KOTAK', 116000, 5, 3, 0, 3, 0, ''),
('DIST068', '2017-05-02', 'P2ML', 'Odner Folio Setara Gungyu (2017)', 'BUAH', 22000, 0, 134, 0, 4, 130, ''),
('DIST068', '2017-05-02', 'P2ML', 'Paper Klip (2017)', 'KOTAK', 15000, 0, 2, 0, 1, 1, ''),
('DIST069', '2017-05-02', 'SDMK', 'Kertas A4 (2017)', 'RIM', 36000, 0, 395, 0, 3, 392, ''),
('DIST069', '2017-05-02', 'SDMK', 'Kertas F4 70gr (2017)', 'RIM', 41000, 0, 431, 0, 2, 429, ''),
('DIST069', '2017-05-02', 'SDMK', 'Binder Klip No 111 (2017)', 'KOTAK', 35000, 0, 13, 0, 2, 11, ''),
('DIST069', '2017-05-02', 'SDMK', 'Post it (2017)', 'BUAH', 18000, 0, 40, 0, 1, 39, ''),
('DIST069', '2017-05-02', 'SDMK', 'Odner Folio Setara Gungyu (2017)', 'BUAH', 22000, 0, 130, 0, 10, 120, ''),
('DIST069', '2017-05-02', 'SDMK', 'Pena Signo', 'BUAH', 11500, 29, 1, 0, 1, 0, ''),
('DIST069', '2017-05-02', 'SDMK', 'Pena Signo (2017)', 'BUAH', 21500, 0, 100, 0, 1, 99, ''),
('DIST069', '2017-05-02', 'SDMK', 'Balpoin BP 7 (2017)', 'KOTAK', 21500, 0, 19, 0, 0.166, 18.834, ''),
('DIST069', '2017-05-02', 'SDMK', 'Pensil 2b (2017)', 'KOTAK', 32000, 0, 0.834, 0, 0.166, 0.668, ''),
('DIST069', '2017-05-02', 'SDMK', 'Lem Kertas Cair (2017)', 'BUAH', 5000, 0, 7, 0, 3, 4, ''),
('DIST069', '2017-05-02', 'SDMK', 'Buku Expedisi isi 100 Lembar', 'BUAH', 8000, 8, 4, 0, 2, 2, ''),
('DIST069', '2017-05-02', 'SDMK', 'Isi Stapler Max 3 (2017)', 'KOTAK', 97000, 0, 25, 0, 1, 24, ''),
('DIST070', '2017-05-05', 'Kesga dan Gizi', 'Kertas A4 (2017)', 'RIM', 36000, 0, 392, 0, 2, 390, ''),
('DIST070', '2017-05-05', 'Kesga dan Gizi', 'Kertas F4 70gr (2017)', 'RIM', 41000, 0, 429, 0, 1, 428, ''),
('DIST070', '2017-05-05', 'Kesga dan Gizi', 'Amplop Coklat', 'BOX', 18000, 8, 29, 0, 1, 28, ''),
('DIST070', '2017-05-05', 'Kesga dan Gizi', 'Binder Klip No 107', 'KOTAK', 5000, 20, 7.5, 0, 1.5, 6, ''),
('DIST070', '2017-05-05', 'Kesga dan Gizi', 'Lem Kertas Cair (2017)', 'BUAH', 5000, 0, 4, 0, 1, 3, ''),
('DIST070', '2017-05-05', 'Kesga dan Gizi', 'Balpoin BP 7 (2017)', 'KOTAK', 21500, 0, 18.834, 0, 0.333, 18.501, ''),
('DIST070', '2017-05-05', 'Kesga dan Gizi', 'Odner Folio Setara Gungyu (2017)', 'BUAH', 22000, 0, 120, 0, 2, 118, ''),
('DIST070', '2017-05-05', 'Kesga dan Gizi', 'Cetak Map Dinas Bertulang', 'BUAH', 17000, 175, 204, 0, 8, 196, ''),
('DIST071', '2017-05-08', 'Kesga dan Gizi', 'Kertas A4 (2017)', 'RIM', 36000, 0, 390, 0, 3, 387, ''),
('DIST071', '2017-05-08', 'Kesga dan Gizi', 'Kertas F4 70gr (2017)', 'RIM', 41000, 0, 428, 0, 3, 425, ''),
('DIST071', '2017-05-08', 'Kesga dan Gizi', 'Binder Klip No 105', 'KOTAK', 5000, 21, 12, 0, 1, 11, ''),
('DIST071', '2017-05-08', 'Kesga dan Gizi', 'Lem Kertas Cair (2017)', 'BUAH', 5000, 0, 3, 0, 1, 2, ''),
('DIST071', '2017-05-08', 'Kesga dan Gizi', 'Paper Klip (2017)', 'KOTAK', 15000, 0, 1, 0, 1, 0, ''),
('DIST071', '2017-05-08', 'Kesga dan Gizi', 'Balpoin BP 7 (2017)', 'KOTAK', 21500, 0, 18.501, 0, 0.501, 18, ''),
('DIST071', '2017-05-08', 'Kesga dan Gizi', 'Cetak Map Dinas Bertulang', 'BUAH', 17000, 175, 196, 0, 10, 186, ''),
('DIST071', '2017-05-08', 'Kesga dan Gizi', 'Odner Folio Setara Gungyu (2017)', 'BUAH', 22000, 0, 118, 0, 4, 114, ''),
('DIST072', '2017-05-09', 'Kasie PTM dan Keswa', 'Cetak Map Dinas Bertulang', 'BUAH', 17000, 175, 186, 0, 20, 166, ''),
('DIST072', '2017-05-09', 'Kasie PTM dan Keswa', 'Stopmap Folio', 'KOTAK', 50000, 20, 86.3, 0, 0.2, 86.1, ''),
('DIST072', '2017-05-09', 'Kasie PTM dan Keswa', 'Odner Folio Setara Gungyu (2017)', 'BUAH', 22000, 0, 114, 0, 7, 107, ''),
('DIST072', '2017-05-09', 'Kasie PTM dan Keswa', 'Kertas F4 70gr (2017)', 'RIM', 41000, 0, 425, 0, 5, 420, ''),
('DIST072', '2017-05-09', 'Kasie PTM dan Keswa', 'Kertas A4 (2017)', 'RIM', 36000, 0, 387, 0, 3, 384, ''),
('DIST072', '2017-05-09', 'Kasie PTM dan Keswa', 'Steples No 10', 'BUAH', 20000, 10, 9, 0, 2, 7, ''),
('DIST072', '2017-05-09', 'Kasie PTM dan Keswa', 'Isi Stapler Max 3 (2017)', 'KOTAK', 97000, 0, 24, 0, 1, 23, ''),
('DIST072', '2017-05-09', 'Kasie PTM dan Keswa', 'Balpoin BP 7 (2017)', 'KOTAK', 21500, 0, 18, 0, 0.416, 17.584, ''),
('DIST072', '2017-05-09', 'Kasie PTM dan Keswa', 'Binder Klip No 111 (2017)', 'KOTAK', 35000, 0, 11, 0, 1, 10, ''),
('DIST072', '2017-05-09', 'Kasie PTM dan Keswa', 'Cetak Kop Surat Dinas', 'RIM', 59000, 6, 22, 0, 1, 21, ''),
('DIST072', '2017-05-09', 'Kasie PTM dan Keswa', 'Amplop Coklat', 'BOX', 18000, 8, 28, 0, 1, 27, ''),
('DIST072', '2017-05-09', 'Kasie PTM dan Keswa', 'Tissue Kotak (2017)', 'KOTAK', 15000, 0, 300, 0, 2, 298, ''),
('DIST072', '2017-05-09', 'Kasie PTM dan Keswa', 'Buku Agenda Surat Masuk dan Keluar (2017)', 'BUAH', 22000, 0, 20, 0, 1, 19, ''),
('DIST072', '2017-05-09', 'Kasie PTM dan Keswa', 'Cetak Blangko Surat Izin', 'LEMBAR', 5500, 100, 1096, 0, 1, 1095, ''),
('DIST073', '2017-05-17', 'Kasie Fasyankes dan Peningkatan Mutu', 'Kertas F4 70gr (2017)', 'RIM', 41000, 0, 420, 0, 4, 416, ''),
('DIST073', '2017-05-17', 'Kasie Fasyankes dan Peningkatan Mutu', 'Kertas A4 (2017)', 'RIM', 36000, 0, 384, 0, 2, 382, ''),
('DIST073', '2017-05-17', 'Kasie Fasyankes dan Peningkatan Mutu', 'Balpoin BP 7 (2017)', 'KOTAK', 21500, 0, 17.584, 0, 0.416, 17.168, ''),
('DIST073', '2017-05-17', 'Kasie Fasyankes dan Peningkatan Mutu', 'Steples No 10', 'BUAH', 20000, 10, 7, 0, 1, 6, ''),
('DIST073', '2017-05-17', 'Kasie Fasyankes dan Peningkatan Mutu', 'Isi Stapler Max 3 (2017)', 'KOTAK', 97000, 0, 23, 0, 2, 21, ''),
('DIST073', '2017-05-17', 'Kasie Fasyankes dan Peningkatan Mutu', 'Binder Klip No 111 (2017)', 'KOTAK', 35000, 0, 10, 0, 1, 9, ''),
('DIST073', '2017-05-17', 'Kasie Fasyankes dan Peningkatan Mutu', 'Pensil 2b (2017)', 'KOTAK', 32000, 0, 0.668, 0, 0.668, 0, ''),
('DIST073', '2017-05-17', 'Kasie Fasyankes dan Peningkatan Mutu', 'Cetak Map Dinas Bertulang', 'BUAH', 17000, 175, 166, 0, 20, 146, ''),
('DIST073', '2017-05-17', 'Kasie Fasyankes dan Peningkatan Mutu', 'Stopmap Folio', 'KOTAK', 50000, 20, 86.1, 0, 0.2, 85.9, ''),
('DIST074', '2017-05-18', 'Bidang Kesga Promkes', 'Cetak Map Dinas Bertulang', 'BUAH', 17000, 175, 146, 0, 12, 134, ''),
('DIST074', '2017-05-18', 'Bidang Kesga Promkes', 'Balpoin BP 7 (2017)', 'KOTAK', 21500, 0, 17.168, 0, 0.5, 16.668, ''),
('DIST074', '2017-05-18', 'Bidang Kesga Promkes', 'Binder Klip No 155 (2017)', 'KOTAK', 23000, 0, 28, 0, 1, 27, ''),
('DIST074', '2017-05-18', 'Bidang Kesga Promkes', 'Kertas F4 70gr (2017)', 'RIM', 41000, 0, 416, 0, 4, 412, ''),
('DIST075', '2017-05-18', 'KEPEGAWAIAN & UMUM', 'Buku Agenda Surat Masuk dan Keluar (2017)', 'BUAH', 22000, 0, 19, 0, 2, 17, ''),
('DIST075', '2017-05-18', 'KEPEGAWAIAN & UMUM', 'Cetak Lembar Disposisi', 'RIM', 65000, 5, 16, 0, 2, 14, ''),
('DIST075', '2017-05-18', 'KEPEGAWAIAN & UMUM', 'Balpoin BP 7 (2017)', 'KOTAK', 21500, 0, 16.668, 0, 1, 15.668, ''),
('DIST075', '2017-05-18', 'KEPEGAWAIAN & UMUM', 'Post it (2017)', 'BUAH', 18000, 0, 39, 0, 2, 37, ''),
('DIST075', '2017-05-18', 'KEPEGAWAIAN & UMUM', 'Isi Stapler Max 3 (2017)', 'KOTAK', 97000, 0, 21, 0, 4, 17, ''),
('DIST075', '2017-05-18', 'KEPEGAWAIAN & UMUM', 'Spidol', 'BUAH', 8000, 10, 21, 0, 3, 18, ''),
('DIST075', '2017-05-18', 'KEPEGAWAIAN & UMUM', 'Binder Klip No 111 (2017)', 'KOTAK', 35000, 0, 9, 0, 2, 7, ''),
('DIST075', '2017-05-18', 'KEPEGAWAIAN & UMUM', 'Pena Signo (2017)', 'BUAH', 21500, 0, 99, 0, 4, 95, ''),
('DIST075', '2017-05-18', 'KEPEGAWAIAN & UMUM', 'Kertas F4 70gr (2017)', 'RIM', 41000, 0, 412, 0, 10, 402, ''),
('DIST075', '2017-05-18', 'KEPEGAWAIAN & UMUM', 'Odner Folio Setara Gungyu (2017)', 'BUAH', 22000, 0, 107, 0, 10, 97, ''),
('DIST075', '2017-05-18', 'KEPEGAWAIAN & UMUM', 'Binder Klip No 155 (2017)', 'KOTAK', 23000, 0, 27, 0, 1, 26, ''),
('DIST075', '2017-05-18', 'KEPEGAWAIAN & UMUM', 'Kertas A4 (2017)', 'RIM', 36000, 0, 382, 0, 5, 377, ''),
('DIST075', '2017-05-18', 'KEPEGAWAIAN & UMUM', 'Ember Plastik', 'BUAH', 54000, 6, 6, 0, 2, 4, ''),
('DIST075', '2017-05-18', 'KEPEGAWAIAN & UMUM', 'Gayung Air Plastik', 'BUAH', 8300, 6, 6, 0, 2, 4, ''),
('DIST075', '2017-05-18', 'KEPEGAWAIAN & UMUM', 'Bahan Kimia untuk Pembersih', 'BOTOL', 29900, 6, 6, 0, 5, 1, ''),
('DIST075', '2017-05-18', 'KEPEGAWAIAN & UMUM', 'Kemoceng', 'BUAH', 28900, 5, 5, 0, 2, 3, ''),
('DIST075', '2017-05-18', 'KEPEGAWAIAN & UMUM', 'Sapu Lidi Bertangkai', 'BUAH', 17500, 6, 6, 0, 2, 4, ''),
('DIST075', '2017-05-18', 'KEPEGAWAIAN & UMUM', 'Tong Sampah Tutup', 'BUAH', 110000, 5, 17, 0, 6, 11, ''),
('DIST075', '2017-05-18', 'KEPEGAWAIAN & UMUM', 'Pel Lantai Bertangkai', 'BUAH', 75000, 12, 12, 0, 2, 10, ''),
('DIST075', '2017-05-18', 'KEPEGAWAIAN & UMUM', 'Kapur Barus Berwarna', 'BUNGKUS', 25000, 10, 10, 0, 4, 6, ''),
('DIST075', '2017-05-18', 'KEPEGAWAIAN & UMUM', 'Serok Sampah', 'BUAH', 26500, 2, 2, 0, 2, 0, ''),
('DIST075', '2017-05-18', 'KEPEGAWAIAN & UMUM', 'Pengharum Ruangan', 'BOTOL', 36800, 4, 4, 0, 4, 0, ''),
('DIST075', '2017-05-18', 'KEPEGAWAIAN & UMUM', 'Pengharum Ruangan Elektrik', 'BOTOL', 125000, 48, 48, 0, 2, 46, ''),
('DIST075', '2017-05-18', 'KEPEGAWAIAN & UMUM', 'Cairan Pembersih Kaca', 'BUAH', 27900, 8, 8, 0, 2, 6, ''),
('DIST075', '2017-05-18', 'KEPEGAWAIAN & UMUM', 'Kain Lap Piring Kotak Kotak', 'BUAH', 12000, 24, 24, 0, 2, 22, ''),
('DIST075', '2017-05-18', 'KEPEGAWAIAN & UMUM', 'Sabun Pencuci Piring', 'BKS', 17000, 30, 30, 0, 2, 28, ''),
('DIST075', '2017-05-18', 'KEPEGAWAIAN & UMUM', 'Sabun Cuci Tangan', 'BOTOL', 25000, 10, 10, 0, 3, 7, ''),
('DIST075', '2017-05-18', 'KEPEGAWAIAN & UMUM', 'Sikat WC Bertangkai', 'BUAH', 59900, 2, 2, 0, 2, 0, ''),
('DIST075', '2017-05-18', 'KEPEGAWAIAN & UMUM', 'Refil Pembersih Lantai', 'BUAH', 12500, 9, 9, 0, 2, 7, ''),
('DIST076', '2017-05-18', '', 'Balpoin BP 7 (2017)', 'KOTAK', 21500, 0, 15.668, 0, 0.166, 15.502, ''),
('DIST077', '2017-05-19', 'Kefarmasian, Alkes dan PKRT', 'Kertas A4 (2017)', 'RIM', 36000, 0, 377, 0, 1, 376, ''),
('DIST077', '2017-05-19', 'Kefarmasian, Alkes dan PKRT', 'Kertas F4 70gr (2017)', 'RIM', 41000, 0, 402, 0, 3, 399, ''),
('DIST077', '2017-05-19', 'Kefarmasian, Alkes dan PKRT', 'Binder Klip No 111 (2017)', 'KOTAK', 35000, 0, 7, 0, 1, 6, ''),
('DIST077', '2017-05-19', 'Kefarmasian, Alkes dan PKRT', 'Cetak Amplop Dinas Ukuran Folio', 'BUAH', 5500, 600, 172, 0, 100, 72, ''),
('DIST077', '2017-05-19', 'Kefarmasian, Alkes dan PKRT', 'Amplop Coklat F4 (2017)', 'PACK', 42000, 0, 5, 0, 1, 4, ''),
('DIST077', '2017-05-19', 'Kefarmasian, Alkes dan PKRT', 'Lem Kertas Cair (2017)', 'BUAH', 5000, 0, 2, 0, 1, 1, ''),
('DIST077', '2017-05-19', 'Kefarmasian, Alkes dan PKRT', 'Pena Signo (2017)', 'BUAH', 21500, 0, 95, 0, 1, 94, ''),
('DIST077', '2017-05-19', 'Kefarmasian, Alkes dan PKRT', 'Post it (2017)', 'BUAH', 18000, 0, 37, 0, 3, 34, ''),
('DIST077', '2017-05-19', 'Kefarmasian, Alkes dan PKRT', 'Stopmap Folio', 'KOTAK', 50000, 20, 85.9, 0, 1, 84.9, ''),
('DIST077', '2017-05-19', 'Kefarmasian, Alkes dan PKRT', 'Steples No 10', 'BUAH', 20000, 10, 6, 0, 2, 4, ''),
('DIST077', '2017-05-19', 'Kefarmasian, Alkes dan PKRT', 'Penghapus Pensil (2017)', 'BUAH', 4000, 0, 12, 0, 5, 7, ''),
('DIST077', '2017-05-19', 'Kefarmasian, Alkes dan PKRT', 'Gunting', 'BUAH', 11000, 16, 1, 0, 1, 0, ''),
('DIST077', '2017-05-19', 'Kefarmasian, Alkes dan PKRT', 'Tinta Stampel', 'BUAH', 34500, 2, 4, 0, 1, 3, ''),
('DIST078', '2017-05-26', 'Bidang Kesga Promkes', 'Cetak Map Dinas Bertulang', 'BUAH', 17000, 175, 134, 0, 12, 122, ''),
('DIST078', '2017-05-26', 'Bidang Kesga Promkes', 'Cetak Kwitansi NCR', 'BUKU', 48000, 38, 19, 0, 3, 16, ''),
('DIST078', '2017-05-26', 'Bidang Kesga Promkes', 'Balpoin BP 7 (2017)', 'KOTAK', 21500, 0, 15.502, 0, 0.333, 15.169, ''),
('DIST078', '2017-05-26', 'Bidang Kesga Promkes', 'Binder Klip No 111 (2017)', 'KOTAK', 35000, 0, 6, 0, 2, 4, ''),
('DIST078', '2017-05-26', 'Bidang Kesga Promkes', 'Kertas F4 70gr (2017)', 'RIM', 41000, 0, 399, 0, 4, 395, ''),
('DIST079', '2017-05-29', 'SDMK', 'Kertas A4 (2017)', 'RIM', 36000, 0, 376, 0, 2, 374, ''),
('DIST079', '2017-05-29', 'SDMK', 'Kertas F4 70gr (2017)', 'RIM', 41000, 0, 395, 0, 2, 393, ''),
('DIST079', '2017-05-29', 'SDMK', 'Binder Klip No 105', 'KOTAK', 5000, 21, 11, 0, 2, 9, ''),
('DIST079', '2017-05-29', 'SDMK', 'Post it (2017)', 'BUAH', 18000, 0, 34, 0, 1, 33, ''),
('DIST079', '2017-05-29', 'SDMK', 'Odner Folio Setara Gungyu (2017)', 'BUAH', 22000, 0, 97, 0, 4, 93, ''),
('DIST079', '2017-05-29', 'SDMK', 'Balpoin BP 7 (2017)', 'KOTAK', 21500, 0, 15.169, 0, 0.469, 14.7, ''),
('DIST079', '2017-05-29', 'SDMK', 'Lem Kertas Cair (2017)', 'BUAH', 5000, 0, 1, 0, 1, 0, '');

-- --------------------------------------------------------

--
-- Struktur dari tabel `pembelian`
--

CREATE TABLE IF NOT EXISTS `pembelian` (
  `id_pembelian` varchar(50) NOT NULL,
  `distributor` varchar(50) NOT NULL,
  `tgl_pem` date NOT NULL,
  `tot_barang` float NOT NULL,
  `tot_harga` float NOT NULL,
  PRIMARY KEY (`id_pembelian`)
) ENGINE=InnoDB DEFAULT CHARSET=latin1;

--
-- Dumping data untuk tabel `pembelian`
--

INSERT INTO `pembelian` (`id_pembelian`, `distributor`, `tgl_pem`, `tot_barang`, `tot_harga`) VALUES
('PEMB01', 'CV NYOKA MANDIRI', '2017-01-01', 1594, 42968000),
('PEMB02', 'CV MEDIA INSANI MANDIRI', '2017-01-02', 4487, 88785000),
('PEMB03', 'CV MEDIA INSANI MANDIRI', '2017-01-03', 2151, 107484000);

-- --------------------------------------------------------

--
-- Struktur dari tabel `sementara2`
--

CREATE TABLE IF NOT EXISTS `sementara2` (
  `id_pembelian` varchar(50) NOT NULL,
  `tgl_pembelian` date NOT NULL,
  `id_nota` varchar(50) NOT NULL,
  `supplier` varchar(50) NOT NULL,
  `nama_barang` varchar(50) NOT NULL,
  `satuan` varchar(50) NOT NULL,
  `jumlah` float NOT NULL,
  `harga_satuan` float NOT NULL
) ENGINE=InnoDB DEFAULT CHARSET=latin1;

-- --------------------------------------------------------

--
-- Struktur dari tabel `user`
--

CREATE TABLE IF NOT EXISTS `user` (
  `username` varchar(50) NOT NULL,
  `password` varchar(50) NOT NULL,
  PRIMARY KEY (`username`)
) ENGINE=InnoDB DEFAULT CHARSET=latin1;

--
-- Dumping data untuk tabel `user`
--

INSERT INTO `user` (`username`, `password`) VALUES
('admin', 'admin');

--
-- Ketidakleluasaan untuk tabel pelimpahan (Dumped Tables)
--

--
-- Ketidakleluasaan untuk tabel `dtl_distribusi`
--
ALTER TABLE `dtl_distribusi`
  ADD CONSTRAINT `abc` FOREIGN KEY (`id_distribusi`) REFERENCES `distribusi` (`id_distribusi`) ON DELETE CASCADE ON UPDATE CASCADE;

--
-- Ketidakleluasaan untuk tabel `dtl_pembelian`
--
ALTER TABLE `dtl_pembelian`
  ADD CONSTRAINT `abcd` FOREIGN KEY (`id_pembelian`) REFERENCES `pembelian` (`id_pembelian`) ON DELETE CASCADE ON UPDATE CASCADE;

/*!40101 SET CHARACTER_SET_CLIENT=@OLD_CHARACTER_SET_CLIENT */;
/*!40101 SET CHARACTER_SET_RESULTS=@OLD_CHARACTER_SET_RESULTS */;
/*!40101 SET COLLATION_CONNECTION=@OLD_COLLATION_CONNECTION */;
